0.404418, -25.390560, 3.356925, -29.693527
0.444228, -25.054868, 3.540030, -29.205247
0.484038, -25.054868, 3.692617, -29.937667
0.523849, -25.207455, 3.540030, -29.785080
0.563659, -25.207455, 3.356925, -29.388352
0.603469, -25.054868, 3.143302, -29.205247
0.643279, -25.054868, 3.540030, -29.663010
0.683089, -25.207455, 3.143302, -29.663010
0.722900, -24.658140, 3.540030, -29.205247
0.762710, -25.054868, 3.143302, -29.663010
0.802520, -25.054868, 3.356925, -29.998703
0.842330, -25.054868, 3.143302, -29.663010
0.882140, -25.054868, 3.692617, -29.449388
0.921951, -25.390560, 4.089345, -29.052660
0.961761, -25.604183, 3.692617, -29.449388
1.001571, -25.604183, 3.692617, -29.449388
1.041381, -25.054868, 3.540030, -29.235765
1.081191, -25.604183, 3.906240, -29.235765
1.121001, -25.604183, 3.143302, -29.235765
1.160812, -24.841245, 3.356925, -29.846115
1.200622, -25.054868, 3.356925, -29.449388
1.240432, -25.054868, 3.356925, -29.846115
1.280242, -25.207455, 3.356925, -29.235765
1.320052, -25.390560, 3.540030, -29.663010
1.359863, -25.939875, 3.143302, -29.663010
1.399673, -25.390560, 3.540030, -29.296800
1.439483, -25.207455, 3.692617, -29.663010
1.479293, -26.153498, 3.356925, -29.449388
1.519103, -25.054868, 3.143302, -29.052660
1.558914, -24.841245, 3.143302, -29.449388
1.598724, -25.604183, 2.960198, -29.235765
1.638534, -25.054868, 3.906240, -30.212325
1.678344, -24.444517, 2.807610, -29.663010
1.718154, -25.390560, 3.692617, -28.900073
1.757965, -25.390560, 3.692617, -28.900073
1.797775, -25.390560, 3.692617, -28.900073
1.837585, -24.841245, 3.540030, -29.449388
1.877395, -24.841245, 3.692617, -29.846115
1.917205, -25.207455, 3.540030, -29.846115
1.957016, -24.841245, 3.143302, -29.449388
1.996826, -25.604183, 3.540030, -29.449388
2.036636, -25.054868, 3.692617, -29.052660
2.076446, -25.390560, 3.692617, -29.052660
2.116256, -25.207455, 3.692617, -29.449388
2.156066, -25.054868, 3.692617, -29.052660
2.195877, -24.841245, 3.356925, -29.449388
2.235687, -25.207455, 3.540030, -29.663010
2.275497, -25.604183, 3.540030, -29.663010
2.315307, -25.787287, 3.540030, -29.449388
2.355117, -25.390560, 3.540030, -29.296800
2.394928, -25.207455, 3.356925, -29.449388
2.434738, -24.444517, 3.356925, -29.449388
2.474548, -25.390560, 3.356925, -29.663010
2.514358, -25.207455, 3.540030, -29.296800
2.554168, -25.939875, 3.692617, -29.846115
2.593979, -25.939875, 3.692617, -29.846115
2.633789, -25.207455, 3.540030, -29.113695
2.673599, -25.054868, 3.540030, -29.296800
2.713409, -24.841245, 3.356925, -29.052660
2.753219, -25.054868, 3.692617, -30.059738
2.793030, -25.054868, 3.906240, -30.059738
2.832840, -24.658140, 3.540030, -29.296800
2.872650, -25.207455, 3.692617, -29.449388
2.912460, -25.207455, 3.540030, -30.059738
2.952270, -25.054868, 3.540030, -29.663010
2.992080, -24.841245, 3.356925, -29.449388
3.031891, -25.207455, 3.356925, -29.052660
3.071701, -25.390560, 3.540030, -29.663010
3.111511, -24.841245, 3.143302, -30.059738
3.151321, -25.390560, 3.540030, -29.663010
3.191131, -25.054868, 4.089345, -29.449388
3.230942, -25.207455, 3.540030, -29.052660
3.270752, -25.207455, 4.302968, -29.296800
3.310562, -25.207455, 3.356925, -29.663010
3.350372, -25.207455, 3.540030, -29.663010
3.390182, -25.207455, 3.540030, -29.663010
3.429993, -25.054868, 3.356925, -29.846115
3.469803, -24.658140, 3.143302, -30.059738
3.509613, -25.054868, 3.143302, -29.296800
3.549346, -24.841245, 3.356925, -29.296800
3.589163, -25.054868, 3.692617, -29.449388
3.628980, -25.390560, 3.356925, -29.663010
3.668798, -25.390560, 3.692617, -30.059738
3.708615, -24.444517, 3.540030, -29.296800
3.748432, -24.658140, 3.540030, -29.296800
3.788249, -25.054868, 3.540030, -29.846115
3.828067, -25.054868, 3.540030, -29.846115
3.867884, -25.390560, 3.143302, -29.846115
3.907701, -25.207455, 3.143302, -29.449388
3.947518, -25.054868, 3.540030, -30.059738
3.987336, -25.054868, 3.540030, -29.113695
4.027153, -24.658140, 3.540030, -29.449388
4.066970, -24.841245, 3.692617, -29.663010
4.106787, -24.841245, 3.692617, -29.663010
4.146604, -25.390560, 3.692617, -29.449388
4.186422, -24.444517, 3.356925, -29.296800
4.226239, -25.604183, 3.143302, -29.663010
4.266056, -25.390560, 3.356925, -29.663010
4.305873, -25.207455, 3.540030, -29.296800
4.345691, -24.841245, 3.356925, -29.846115
4.385508, -25.207455, 3.143302, -29.449388
4.425325, -25.054868, 3.540030, -29.907150
4.465142, -25.207455, 3.356925, -29.663010
4.504960, -25.604183, 3.692617, -29.296800
4.544777, -25.207455, 3.143302, -29.449388
4.584594, -25.207455, 2.960198, -29.449388
4.624411, -25.390560, 3.143302, -30.059738
4.664228, -25.390560, 3.692617, -29.846115
4.704046, -25.207455, 3.906240, -29.449388
4.743863, -24.841245, 3.540030, -29.449388
4.783680, -25.054868, 3.143302, -29.296800
4.823497, -25.054868, 3.540030, -29.907150
4.863315, -25.207455, 3.540030, -28.900073
4.903132, -25.207455, 3.540030, -28.900073
4.942949, -25.207455, 3.356925, -29.296800
4.982766, -25.054868, 3.356925, -29.296800
5.022584, -24.658140, 3.540030, -29.663010
5.062401, -25.054868, 3.356925, -29.449388
5.102218, -25.207455, 3.356925, -29.113695
5.142035, -25.207455, 3.540030, -29.846115
5.181852, -24.841245, 3.356925, -29.663010
5.221670, -24.658140, 3.356925, -29.296800
5.261487, -25.604183, 3.356925, -29.663010
5.301304, -24.291930, 3.540030, -29.296800
5.341121, -25.939875, 3.540030, -30.059738
5.380939, -25.207455, 3.356925, -29.663010
5.420756, -24.658140, 3.356925, -29.663010
5.460573, -24.444517, 3.143302, -29.449388
5.500390, -25.604183, 3.540030, -29.663010
5.540208, -25.207455, 3.143302, -29.113695
5.580025, -24.658140, 3.906240, -29.296800
5.619842, -24.658140, 3.906240, -29.449388
5.659659, -25.939875, 3.356925, -28.900073
5.699476, -25.939875, 3.356925, -28.900073
5.739294, -24.841245, 3.356925, -29.296800
5.779111, -25.054868, 3.692617, -29.449388
5.818928, -24.841245, 3.356925, -30.242842
5.858745, -24.658140, 3.540030, -29.296800
5.898563, -25.054868, 3.540030, -29.449388
5.938380, -25.207455, 3.540030, -30.242842
5.978197, -25.054868, 3.356925, -29.296800
6.018014, -25.207455, 3.356925, -29.846115
6.057832, -25.390560, 3.356925, -29.449388
6.097649, -25.390560, 3.692617, -29.663010
6.137466, -25.054868, 3.540030, -29.296800
6.177283, -24.841245, 3.356925, -29.846115
6.217100, -25.207455, 3.906240, -29.663010
6.256918, -25.604183, 3.906240, -29.663010
6.296735, -25.054868, 3.906240, -29.846115
6.336552, -25.054868, 3.540030, -30.242842
6.376369, -25.207455, 3.356925, -29.296800
6.416187, -25.207455, 3.906240, -29.663010
6.456004, -25.054868, 3.540030, -29.907150
6.495821, -25.054868, 3.540030, -29.907150
6.535638, -25.604183, 3.143302, -29.296800
6.575456, -25.054868, 3.356925, -29.449388
6.615273, -25.207455, 3.692617, -29.449388
6.655090, -25.604183, 3.356925, -29.449388
6.694824, -25.207455, 3.540030, -29.449388
6.734634, -25.207455, 3.906240, -30.059738
6.774444, -25.390560, 3.540030, -29.296800
6.814253, -25.390560, 3.540030, -29.113695
6.854063, -24.658140, 2.960198, -29.663010
6.893873, -25.390560, 3.540030, -29.846115
6.933683, -25.787287, 3.356925, -29.296800
6.973492, -25.604183, 3.540030, -29.663010
7.013302, -25.054868, 4.089345, -29.449388
7.053112, -25.054868, 4.302968, -29.663010
7.092922, -24.658140, 3.540030, -29.449388
7.132732, -25.207455, 3.692617, -29.663010
7.172541, -24.658140, 3.356925, -29.296800
7.212351, -25.054868, 3.692617, -29.296800
7.252161, -25.054868, 3.692617, -29.296800
7.291971, -24.658140, 3.540030, -29.449388
7.331781, -25.604183, 3.540030, -29.663010
7.371590, -25.054868, 3.692617, -29.663010
7.411400, -25.604183, 3.356925, -29.663010
7.451210, -25.604183, 3.356925, -30.059738
7.491020, -24.658140, 3.692617, -29.663010
7.530829, -25.207455, 3.540030, -29.663010
7.570639, -25.054868, 3.692617, -29.449388
7.610449, -25.939875, 3.143302, -29.907150
7.650259, -25.604183, 3.143302, -29.113695
7.690069, -24.841245, 3.143302, -29.663010
7.729878, -25.390560, 3.356925, -29.663010
7.769688, -25.207455, 3.540030, -29.907150
7.809498, -25.207455, 3.356925, -30.059738
7.849308, -25.054868, 3.906240, -29.907150
7.889117, -25.207455, 2.960198, -29.663010
7.928927, -24.658140, 3.906240, -30.059738
7.968737, -25.207455, 3.356925, -29.296800
8.008547, -25.604183, 3.356925, -29.296800
8.048357, -25.604183, 3.356925, -29.296800
8.088166, -25.604183, 3.356925, -29.296800
8.127976, -25.207455, 3.540030, -29.663010
8.167786, -24.841245, 3.356925, -29.449388
8.207596, -25.207455, 3.143302, -29.663010
8.247405, -24.841245, 3.143302, -29.907150
8.287215, -25.054868, 3.356925, -29.449388
8.327025, -25.054868, 3.540030, -30.059738
8.366835, -24.841245, 3.356925, -29.296800
8.406645, -24.841245, 3.143302, -29.449388
8.446454, -25.054868, 3.540030, -30.242842
8.486264, -25.390560, 3.143302, -28.686450
8.526074, -24.444517, 3.356925, -30.456465
8.565884, -25.390560, 3.143302, -29.296800
8.605694, -25.207455, 3.143302, -29.449388
8.645503, -25.390560, 3.692617, -29.907150
8.685313, -25.207455, 3.356925, -29.907150
8.725123, -25.054868, 3.143302, -29.449388
8.764933, -24.658140, 3.356925, -30.242842
8.804742, -25.207455, 4.089345, -29.113695
8.844552, -24.444517, 3.540030, -29.663010
8.884362, -24.444517, 3.540030, -29.663010
8.924172, -25.054868, 3.692617, -29.449388
8.963982, -25.787287, 3.143302, -30.059738
9.003791, -24.658140, 3.540030, -29.449388
9.043601, -25.207455, 3.143302, -29.907150
9.083411, -24.658140, 3.143302, -29.296800
9.123221, -25.207455, 3.692617, -30.456465
9.163030, -25.207455, 3.143302, -29.449388
9.202840, -25.787287, 3.540030, -29.296800
9.242650, -25.207455, 3.540030, -29.663010
9.282460, -25.054868, 2.960198, -29.113695
9.322270, -25.604183, 3.540030, -29.449388
9.362079, -25.207455, 3.356925, -29.113695
9.401889, -25.207455, 3.692617, -29.907150
9.441699, -25.939875, 3.356925, -29.449388
9.481509, -25.390560, 3.906240, -29.296800
9.521319, -25.054868, 3.143302, -29.449388
9.561128, -24.841245, 3.143302, -29.663010
9.600938, -24.841245, 3.540030, -30.059738
9.640748, -24.841245, 3.540030, -30.059738
9.680558, -25.054868, 3.540030, -29.113695
9.720367, -24.841245, 3.540030, -29.449388
9.760177, -24.841245, 3.540030, -29.296800
9.799987, -24.658140, 3.540030, -29.296800
9.839691, -25.207455, 3.356925, -29.663010
9.879508, -25.054868, 3.540030, -29.449388
9.919325, -25.054868, 3.356925, -29.296800
9.959143, -24.658140, 3.540030, -29.449388
9.998960, -24.444517, 3.540030, -30.242842
10.038777, -24.841245, 3.356925, -29.296800
10.078594, -25.604183, 3.143302, -29.907150
10.118412, -24.841245, 3.356925, -29.663010
10.158229, -25.390560, 3.540030, -29.907150
10.198046, -24.658140, 3.906240, -29.663010
10.237863, -25.207455, 3.540030, -29.907150
10.277680, -24.841245, 3.356925, -29.296800
10.317498, -24.841245, 3.540030, -29.693527
10.357315, -24.841245, 3.692617, -28.900073
10.397132, -25.054868, 3.692617, -29.449388
10.436949, -25.054868, 3.692617, -29.449388
10.476766, -24.658140, 3.540030, -29.907150
10.516584, -24.841245, 3.356925, -29.663010
10.556401, -25.604183, 3.540030, -29.449388
10.596218, -24.841245, 2.502435, -29.998703
10.636035, -24.658140, 1.892085, -29.540940
10.675853, -25.604183, 1.403805, -29.357835
10.715670, -25.787287, 1.800532, -27.984547
10.755487, -26.702813, 1.190182, -26.245050
10.795304, -26.702813, 1.190182, -23.956238
10.835121, -26.794365, 2.014155, -17.547562
10.874939, -26.061945, 2.746575, -14.038050
10.914756, -26.000910, 3.356925, -4.394520
10.954573, -23.590027, 2.410883, -1.892085
10.994390, -22.399845, 1.251217, 5.249010
11.034208, -21.636907, -0.061035, 7.354717
11.074025, -19.012403, -0.640868, 12.145965
11.113842, -18.463088, -1.007078, 15.045127
11.153659, -16.998247, -1.464840, 17.700150
11.193476, -16.235310, -1.464840, 19.256542
11.233294, -16.143757, -1.464840, 19.256542
11.273111, -15.594442, -1.586910, 21.545355
11.312928, -14.343225, -1.342770, 21.545355
11.352745, -14.556847, -1.007078, 22.094670
11.392563, -14.312708, -1.495357, 22.460880
11.432380, -14.862023, -1.312253, 23.406923
11.472197, -14.038050, -1.861568, 22.796572
11.512014, -14.800987, -1.861568, 23.956238
11.551831, -14.343225, -1.892085, 23.803650
11.591649, -14.343225, -1.708980, 23.590027
11.631466, -13.885462, -2.136225, 23.559510
11.671283, -13.549770, -1.739497, 23.559510
11.711100, -14.190637, -2.197260, 23.437440
11.750917, -14.007532, -1.464840, 23.101747
11.790735, -14.800987, -2.197260, 23.590027
11.830552, -14.800987, -2.593987, 23.040712
11.870369, -14.434777, -1.800532, 22.705020
11.910186, -14.800987, -1.800532, 23.101747
11.950004, -14.800987, -1.953120, 23.040712
11.989821, -14.800987, -2.136225, 22.491397
12.029638, -14.587365, -2.502435, 23.040712
12.069455, -14.800987, -2.685540, 23.040712
12.109272, -14.862023, -2.441400, 22.857608
12.149090, -14.648400, -2.807610, 22.613467
12.188907, -15.045127, -2.593987, 23.010195
12.228724, -14.862023, -2.441400, 22.460880
12.268541, -14.862023, -2.441400, 22.857608
12.308359, -15.045127, -2.593987, 22.613467
12.348176, -14.709435, -2.838128, 22.460880
12.387993, -15.106162, -2.838128, 22.064152
12.427810, -14.495812, -3.356925, 22.460880
12.467627, -15.045127, -2.990715, 22.460880
12.507445, -14.709435, -3.143302, 22.857608
12.547262, -15.106162, -3.356925, 22.064152
12.587079, -15.106162, -2.990715, 22.460880
12.626896, -14.709435, -3.143302, 23.010195
12.666713, -14.709435, -3.143302, 22.613467
12.706531, -15.106162, -3.143302, 23.010195
12.746348, -15.106162, -3.112785, 23.010195
12.786165, -15.106162, -3.112785, 22.857608
12.825982, -14.556847, -2.746575, 22.949160
12.865800, -14.892540, -3.295890, 22.552432
12.905617, -14.892540, -3.112785, 22.552432
12.945434, -14.160120, -3.112785, 22.552432
12.985168, -14.892540, -3.295890, 22.552432
13.024985, -14.556847, -2.960198, 22.552432
13.064802, -15.289267, -2.746575, 22.552432
13.104620, -14.892540, -2.960198, 22.552432
13.144437, -14.709435, -2.746575, 22.796572
13.184254, -15.441855, -3.295890, 22.186222
13.224071, -14.343225, -2.960198, 22.552432
13.263889, -14.343225, -2.960198, 22.949160
13.303706, -15.289267, -3.295890, 23.162782
13.343523, -14.343225, -3.295890, 22.796572
13.383340, -14.892540, -3.509513, 22.796572
13.423157, -14.709435, -3.295890, 22.552432
13.462975, -14.892540, -3.112785, 23.162782
13.502792, -14.892540, -3.112785, 23.162782
13.542609, -14.160120, -3.295890, 22.949160
13.582426, -14.709435, -3.112785, 23.162782
13.622243, -14.556847, -3.295890, 22.796572
13.662061, -14.892540, -2.960198, 22.949160
13.701878, -14.709435, -3.295890, 23.559510
13.741695, -14.892540, -3.112785, 22.796572
13.781512, -14.556847, -3.295890, 22.552432
13.821330, -14.892540, -2.960198, 23.162782
13.861147, -14.343225, -2.960198, 23.162782
13.900964, -15.106162, -3.112785, 22.796572
13.940781, -14.709435, -2.960198, 23.162782
13.980598, -15.289267, -2.960198, 23.559510
14.020416, -14.892540, -2.960198, 23.345887
14.060233, -15.289267, -2.960198, 22.949160
14.100050, -15.441855, -2.563470, 22.796572
14.139867, -14.556847, -2.410883, 22.796572
14.179685, -14.343225, -2.960198, 23.345887
14.219502, -14.160120, -2.960198, 22.949160
14.259319, -14.160120, -2.960198, 22.949160
14.299136, -14.160120, -2.960198, 22.949160
14.338953, -14.343225, -2.746575, 22.949160
14.378771, -14.556847, -3.509513, 22.949160
14.418588, -14.556847, -3.295890, 22.399845
14.458405, -14.343225, -2.960198, 23.345887
14.498222, -14.709435, -3.295890, 23.162782
14.538040, -15.106162, -3.112785, 23.345887
14.577857, -14.892540, -3.295890, 22.796572
14.617674, -14.892540, -3.112785, 23.559510
14.657491, -14.892540, -3.112785, 22.949160
14.697308, -16.052205, -3.295890, 23.162782
14.737126, -15.441855, -3.295890, 22.796572
14.776943, -14.709435, -3.509513, 23.559510
14.816760, -14.709435, -3.295890, 23.162782
14.856577, -14.892540, -3.509513, 23.162782
14.896394, -15.106162, -3.295890, 23.559510
14.936212, -14.343225, -4.241932, 22.949160
14.976029, -14.709435, -3.295890, 23.162782
15.015846, -15.289267, -2.960198, 23.162782
15.055663, -15.289267, -2.960198, 23.162782
15.095481, -15.106162, -2.960198, 23.162782
15.135298, -14.343225, -3.295890, 22.949160
15.175115, -14.556847, -3.112785, 23.345887
15.214932, -14.892540, -3.295890, 23.345887
15.254749, -14.709435, -3.112785, 22.949160
15.294567, -14.892540, -3.295890, 22.796572
15.334384, -15.106162, -3.509513, 23.712097
15.374201, -14.343225, -3.112785, 23.345887
15.414018, -14.709435, -3.295890, 23.712097
15.453836, -14.556847, -2.960198, 23.559510
15.493653, -14.709435, -3.509513, 23.559510
15.533470, -14.709435, -3.112785, 23.162782
15.573287, -15.289267, -3.295890, 23.742615
15.613104, -14.709435, -3.295890, 23.712097
15.652922, -14.556847, -3.112785, 23.559510
15.692739, -14.892540, -3.112785, 23.345887
15.732556, -14.709435, -2.563470, 23.712097
15.772373, -15.106162, -2.960198, 23.712097
15.812190, -15.106162, -2.899163, 23.712097
15.852008, -14.556847, -3.448478, 23.956238
15.891825, -14.556847, -3.234855, 23.345887
15.931642, -14.556847, -3.448478, 23.712097
15.971459, -13.946497, -3.051750, 23.345887
16.011277, -15.106162, -3.601065, 23.559510
16.051094, -14.343225, -2.899163, 23.956238
16.090911, -14.343225, -3.448478, 23.956238
16.130645, -14.709435, -3.051750, 23.712097
16.170453, -14.556847, -3.051750, 23.956238
16.210261, -15.106162, -3.234855, 23.956238
16.250070, -14.343225, -3.448478, 23.162782
16.289878, -14.343225, -3.234855, 23.956238
16.329686, -14.709435, -3.051750, 23.712097
16.369494, -15.289267, -2.899163, 24.291930
16.409303, -14.343225, -3.601065, 23.345887
16.449111, -14.709435, -2.502435, 23.559510
16.488919, -14.343225, -3.448478, 23.559510
16.528727, -14.343225, -3.234855, 23.345887
16.568536, -14.343225, -3.234855, 23.345887
16.608344, -14.892540, -3.234855, 23.956238
16.648152, -14.556847, -3.051750, 23.345887
16.687960, -14.892540, -3.234855, 22.949160
16.727768, -14.556847, -2.685540, 23.742615
16.767577, -14.709435, -3.051750, 23.956238
16.807385, -15.106162, -3.051750, 23.345887
16.847193, -14.709435, -2.685540, 23.559510
16.887001, -14.709435, -3.051750, 23.712097
16.926810, -14.556847, -2.899163, 23.162782
16.966618, -14.343225, -2.685540, 22.949160
17.006426, -14.160120, -2.685540, 23.712097
17.046234, -15.106162, -2.685540, 23.345887
17.086043, -14.556847, -3.448478, 23.345887
17.125851, -14.556847, -2.899163, 23.712097
17.165659, -14.892540, -2.899163, 23.345887
17.205467, -14.343225, -3.051750, 23.162782
17.245275, -14.892540, -3.234855, 23.559510
17.285084, -14.556847, -3.234855, 23.162782
17.324892, -14.556847, -3.234855, 23.162782
17.364700, -14.556847, -2.899163, 23.559510
17.404508, -14.556847, -2.899163, 23.559510
17.444317, -14.343225, -2.685540, 23.162782
17.484125, -15.106162, -2.685540, 23.712097
17.523933, -14.556847, -2.685540, 22.949160
17.563741, -15.441855, -2.685540, 23.162782
17.603550, -14.556847, -2.899163, 22.796572
17.643358, -14.709435, -2.502435, 23.956238
17.683166, -15.289267, -2.899163, 23.559510
17.722974, -14.343225, -2.685540, 23.162782
17.762782, -14.709435, -2.685540, 23.162782
17.802591, -14.709435, -2.685540, 23.345887
17.842399, -14.709435, -2.685540, 23.162782
17.882207, -14.343225, -2.502435, 23.345887
17.922015, -15.289267, -2.899163, 22.796572
17.961824, -14.556847, -3.051750, 23.345887
18.001632, -14.709435, -2.685540, 23.345887
18.041440, -14.892540, -2.685540, 22.949160
18.081248, -15.441855, -2.899163, 22.949160
18.121057, -15.441855, -2.899163, 22.949160
18.160865, -15.289267, -2.502435, 22.949160
18.200673, -14.556847, -2.655022, 22.796572
18.240481, -14.556847, -2.441400, 22.949160
18.280289, -15.655477, -2.838128, 23.559510
18.320098, -15.289267, -2.441400, 23.162782
18.359906, -14.892540, -2.655022, 23.712097
18.399714, -14.160120, -2.288813, 23.956238
18.439522, -14.556847, -2.441400, 23.345887
18.479331, -15.289267, -2.105707, 23.162782
18.519139, -14.556847, -2.288813, 23.559510
18.558947, -14.892540, -2.441400, 23.559510
18.598755, -14.556847, -2.441400, 23.559510
18.638564, -14.892540, -2.288813, 23.345887
18.678372, -15.289267, -2.655022, 23.742615
18.718180, -14.556847, -2.655022, 22.949160
18.757988, -14.709435, -2.288813, 23.559510
18.797796, -13.946497, -2.441400, 23.345887
18.837605, -14.709435, -2.105707, 23.712097
18.877413, -14.160120, -2.288813, 23.345887
18.917221, -14.160120, -2.288813, 23.345887
18.957029, -14.892540, -2.441400, 23.712097
18.996838, -14.343225, -2.288813, 23.712097
19.036646, -15.106162, -2.441400, 23.345887
19.076454, -13.946497, -2.288813, 23.559510
19.116262, -15.106162, -2.105707, 23.162782
19.156071, -15.106162, -2.441400, 23.345887
19.195879, -15.106162, -2.441400, 23.345887
19.235687, -14.343225, -2.105707, 23.712097
19.275421, -14.343225, -2.288813, 23.345887
19.315239, -14.343225, -1.892085, 23.712097
19.355058, -14.556847, -2.288813, 23.345887
19.394876, -14.709435, -1.892085, 23.559510
19.434695, -15.106162, -1.892085, 23.345887
19.474513, -14.556847, -2.105707, 23.345887
19.514331, -14.343225, -2.105707, 23.559510
19.554150, -15.441855, -2.105707, 23.345887
19.593968, -14.556847, -2.105707, 23.956238
19.633787, -14.892540, -2.105707, 23.162782
19.673605, -14.892540, -2.105707, 23.162782
19.713423, -14.892540, -1.892085, 23.559510
19.753242, -14.709435, -2.105707, 23.559510
19.793060, -14.556847, -1.892085, 23.345887
19.832879, -15.106162, -2.105707, 23.345887
19.872697, -14.892540, -2.288813, 23.345887
19.912515, -15.106162, -1.708980, 23.162782
19.952334, -14.343225, -1.892085, 23.712097
19.992152, -14.892540, -1.892085, 23.162782
20.031971, -15.289267, -1.892085, 23.559510
20.071789, -14.343225, -2.105707, 23.345887
20.111607, -14.709435, -1.892085, 23.345887
20.151426, -14.892540, -2.105707, 22.949160
20.191244, -14.556847, -1.861568, 24.139342
20.231063, -14.892540, -1.861568, 23.559510
20.270881, -14.709435, -1.647945, 23.345887
20.310699, -14.709435, -1.647945, 23.712097
20.350518, -14.556847, -2.044672, 23.559510
20.390336, -14.343225, -1.312253, 23.162782
20.430155, -14.709435, -2.258295, 23.162782
20.469973, -14.709435, -2.258295, 23.162782
20.509791, -14.709435, -2.258295, 23.162782
20.549610, -15.441855, -1.647945, 23.162782
20.589428, -15.106162, -1.647945, 23.559510
20.629247, -14.556847, -1.892085, 23.162782
20.669065, -14.709435, -1.708980, 23.742615
20.708883, -14.556847, -1.403805, 22.949160
20.748702, -15.106162, -1.403805, 23.345887
20.788520, -14.892540, -1.739497, 23.162782
20.828338, -14.709435, -1.586910, 23.345887
20.868157, -14.892540, -1.556393, 22.949160
20.907975, -14.709435, -1.556393, 22.949160
20.947794, -15.441855, -1.342770, 22.949160
20.987612, -14.160120, -1.892085, 23.162782
21.027430, -14.709435, -1.708980, 23.162782
21.067249, -14.343225, -1.556393, 23.162782
21.107067, -15.106162, -1.892085, 23.162782
21.146886, -15.289267, -1.342770, 23.345887
21.186704, -14.709435, -1.342770, 22.949160
21.226522, -14.556847, -1.159665, 23.162782
21.266341, -14.556847, -1.159665, 23.162782
21.306159, -14.892540, -1.342770, 23.345887
21.345978, -15.106162, -1.708980, 23.162782
21.385796, -13.946497, -1.708980, 23.742615
21.425614, -13.397182, -1.190182, 24.902280
21.465433, -13.214078, -1.403805, 24.505553
21.505251, -12.451140, -2.349848, 24.047790
21.545070, -12.084930, -1.586910, 24.200377
21.584888, -10.192845, -2.685540, 24.505553
21.624706, -9.460425, -4.211415, 24.902280
21.664525, -6.347640, -6.988507, 25.634700
21.704343, -3.540030, -7.537822, 26.611260
21.744162, -1.037595, -7.385235, 26.946952
21.783980, 0.793455, -7.751445, 26.763848
21.823798, 3.051750, -6.652815, 27.313163
21.863617, 4.364002, -7.598858, 26.336602
21.903435, 6.561262, -7.293683, 26.397637
21.943254, 8.789040, -8.056620, 26.061945
21.983072, 9.643530, -7.263165, 25.756770
22.022890, 9.643530, -7.263165, 25.756770
22.062709, 13.610805, -8.239725, 23.895202
22.102527, 15.106162, -8.239725, 23.498475
22.142346, 16.296345, -10.101292, 23.010195
22.182164, 18.005325, -10.253880, 21.636907
22.221982, 19.042920, -11.199922, 20.599312
22.261801, 20.141550, -10.803195, 19.592235
22.301619, 20.141550, -11.688202, 19.714305
22.341438, 19.409130, -11.688202, 20.294137
22.381256, 19.897410, -12.451140, 20.263620
22.420959, 19.714305, -12.451140, 20.049997
22.460769, 20.263620, -12.695280, 20.049997
22.500579, 20.446725, -12.512175, 20.263620
22.540388, 20.996040, -12.786832, 20.446725
22.580198, 20.843452, -12.054412, 19.836375
22.620008, 22.064152, -12.298552, 20.294137
22.659818, 22.064152, -12.298552, 19.836375
22.699628, 22.094670, -11.901825, 20.355172
22.739437, 22.247257, -12.237517, 19.744822
22.779247, 22.155705, -12.603727, 19.805857
22.819057, 22.155705, -13.000455, 19.805857
22.858867, 23.406923, -13.549770, 19.653270
22.898677, 22.796572, -13.214078, 19.103955
22.938486, 22.338810, -13.488735, 19.500682
22.978296, 23.284852, -12.939420, 19.500682
23.018106, 23.254335, -13.336147, 19.287060
23.057916, 23.040712, -13.336147, 19.287060
23.097726, 23.345887, -13.061490, 19.287060
23.137535, 23.193300, -12.695280, 18.554640
23.177345, 23.010195, -13.061490, 19.287060
23.217155, 22.796572, -13.061490, 19.500682
23.256965, 23.345887, -13.061490, 19.500682
23.296774, 22.796572, -13.061490, 18.890332
23.336584, 23.010195, -12.847867, 19.500682
23.376394, 23.010195, -12.847867, 18.554640
23.416204, 23.345887, -13.610805, 19.134473
23.456014, 23.193300, -12.664763, 18.890332
23.495823, 23.345887, -13.061490, 19.714305
23.535633, 23.345887, -13.061490, 19.714305
23.575443, 23.559510, -13.397182, 19.134473
23.615253, 23.193300, -13.214078, 19.287060
23.655063, 23.193300, -13.061490, 19.287060
23.694872, 23.742615, -12.664763, 19.134473
23.734682, 23.345887, -13.061490, 19.134473
23.774492, 23.345887, -12.847867, 18.890332
23.814302, 23.345887, -13.061490, 18.554640
23.854112, 23.345887, -13.214078, 19.287060
23.893921, 23.193300, -12.664763, 18.890332
23.933731, 23.010195, -12.847867, 19.287060
23.973541, 23.010195, -13.061490, 19.287060
24.013351, 22.613467, -13.061490, 19.134473
24.053161, 23.193300, -13.061490, 19.500682
24.092970, 23.193300, -12.664763, 18.890332
24.132780, 23.345887, -13.061490, 18.890332
24.172590, 23.345887, -12.664763, 19.134473
24.212400, 23.559510, -13.214078, 19.134473
24.252210, 23.559510, -12.664763, 19.500682
24.292019, 23.559510, -12.664763, 19.500682
24.331829, 23.742615, -13.214078, 18.737745
24.371639, 23.956238, -12.847867, 19.287060
24.411449, 23.010195, -13.397182, 19.134473
24.451259, 23.559510, -13.061490, 18.890332
24.491068, 23.742615, -13.214078, 19.287060
24.530878, 23.193300, -13.214078, 19.134473
24.570688, 23.010195, -13.061490, 19.500682
24.610498, 23.559510, -13.214078, 18.554640
24.650308, 23.010195, -13.397182, 18.554640
24.690117, 23.193300, -12.664763, 19.897410
24.729927, 23.193300, -13.214078, 18.951367
24.769737, 23.193300, -13.061490, 19.134473
24.809547, 23.956238, -12.664763, 18.951367
24.849356, 23.742615, -12.664763, 18.890332
24.889166, 23.345887, -12.664763, 18.554640
24.928976, 23.345887, -13.061490, 18.737745
24.968786, 23.559510, -13.214078, 19.287060
25.008596, 23.010195, -12.664763, 18.951367
25.048405, 22.796572, -12.847867, 19.287060
25.088215, 22.796572, -12.847867, 19.287060
25.128025, 23.559510, -13.214078, 19.287060
25.167835, 22.613467, -13.061490, 19.134473
25.207645, 23.010195, -13.061490, 18.890332
25.247454, 23.010195, -13.061490, 19.500682
25.287264, 23.345887, -12.847867, 19.134473
25.327074, 23.010195, -13.061490, 19.287060
25.366884, 23.193300, -12.664763, 19.500682
25.406694, 22.613467, -13.397182, 18.890332
25.446503, 23.193300, -13.061490, 18.951367
25.486313, 23.193300, -13.214078, 19.134473
25.526123, 23.742615, -13.214078, 18.951367
25.566436, 23.559510, -12.847867, 19.134473
25.606245, 23.956238, -13.397182, 19.134473
25.646055, 23.742615, -13.061490, 19.287060
25.685864, 23.559510, -12.847867, 18.737745
25.725674, 23.559510, -12.847867, 19.134473
25.765483, 23.193300, -13.061490, 18.737745
25.805292, 23.010195, -13.061490, 18.554640
25.845102, 23.010195, -13.061490, 18.554640
25.884911, 23.193300, -13.061490, 19.134473
25.924721, 23.559510, -13.214078, 19.134473
25.964530, 23.559510, -13.061490, 19.134473
26.004339, 22.796572, -13.061490, 18.951367
26.044149, 23.345887, -13.214078, 18.890332
26.083958, 23.010195, -12.847867, 18.890332
26.123768, 23.345887, -13.061490, 19.287060
26.163577, 23.559510, -13.061490, 19.714305
26.203386, 23.742615, -13.061490, 18.737745
26.243196, 23.193300, -13.214078, 19.287060
26.283005, 23.193300, -13.061490, 19.134473
26.322815, 23.193300, -13.214078, 19.134473
26.362624, 23.345887, -12.847867, 19.134473
26.402433, 23.010195, -13.061490, 19.287060
26.442243, 23.559510, -12.847867, 18.737745
26.482052, 23.559510, -13.214078, 19.134473
26.521862, 23.193300, -13.061490, 19.500682
26.561671, 23.193300, -12.847867, 18.890332
26.601480, 23.010195, -13.061490, 19.134473
26.641290, 23.010195, -13.061490, 19.134473
26.681099, 23.010195, -13.061490, 19.134473
26.720909, 23.559510, -12.847867, 19.134473
26.760718, 23.559510, -12.847867, 19.134473
26.800527, 23.193300, -13.214078, 19.500682
26.840337, 23.193300, -13.214078, 18.890332
26.880146, 23.345887, -13.214078, 19.500682
26.919956, 23.559510, -13.214078, 19.134473
26.959765, 23.193300, -13.061490, 19.134473
26.999574, 23.742615, -13.214078, 19.714305
27.039384, 23.742615, -13.214078, 18.890332
27.079193, 23.559510, -12.847867, 19.134473
27.119002, 23.345887, -13.061490, 19.500682
27.158812, 24.108825, -13.061490, 19.134473
27.198621, 23.193300, -13.214078, 18.951367
27.238431, 23.010195, -13.061490, 19.287060
27.278240, 23.559510, -13.397182, 19.287060
27.318049, 23.193300, -12.664763, 19.134473
27.357859, 23.742615, -13.061490, 19.287060
27.397668, 23.193300, -12.847867, 19.287060
27.437478, 23.193300, -13.061490, 19.287060
27.477287, 23.193300, -13.061490, 19.287060
27.517096, 23.345887, -12.664763, 19.500682
27.556906, 23.559510, -12.847867, 18.737745
27.596715, 23.559510, -12.664763, 18.890332
27.636525, 23.345887, -13.397182, 19.287060
27.676334, 23.742615, -13.061490, 18.890332
27.716143, 23.193300, -12.847867, 19.134473
27.755953, 23.559510, -13.061490, 19.287060
27.795762, 23.345887, -12.451140, 19.897410
27.835572, 23.345887, -13.061490, 19.287060
27.875381, 23.193300, -12.847867, 19.500682
27.915190, 23.193300, -13.214078, 18.951367
27.955000, 23.193300, -13.061490, 19.287060
27.994809, 23.742615, -12.847867, 19.134473
28.034619, 23.193300, -12.847867, 18.890332
28.074428, 23.193300, -12.664763, 18.890332
28.114237, 23.559510, -13.397182, 19.287060
28.154047, 23.010195, -13.214078, 19.714305
28.193856, 23.742615, -13.061490, 18.951367
28.233666, 23.742615, -13.061490, 18.951367
28.273475, 23.742615, -13.061490, 19.134473
28.313284, 23.010195, -12.847867, 18.737745
28.353094, 23.559510, -13.061490, 19.134473
28.392903, 23.559510, -12.847867, 19.287060
28.432713, 23.559510, -13.214078, 19.134473
28.472522, 23.742615, -12.847867, 19.134473
28.512331, 23.345887, -13.214078, 19.287060
28.552141, 23.193300, -13.061490, 19.897410
28.591950, 22.613467, -12.847867, 19.134473
28.631760, 23.345887, -13.061490, 19.134473
28.671569, 22.613467, -12.664763, 18.890332
28.711334, 23.193300, -12.847867, 19.287060
28.751149, 23.010195, -12.847867, 18.951367
28.790965, 23.345887, -12.847867, 19.287060
28.830780, 23.559510, -13.061490, 19.134473
28.870595, 23.345887, -13.214078, 19.134473
28.910410, 23.345887, -13.061490, 18.951367
28.950226, 23.010195, -13.397182, 18.951367
28.990041, 23.193300, -12.847867, 18.951367
29.029856, 23.193300, -12.847867, 18.951367
29.069671, 23.010195, -13.061490, 19.287060
29.109487, 23.193300, -13.214078, 18.890332
29.149302, 23.345887, -13.061490, 19.287060
29.189117, 23.742615, -13.214078, 19.287060
29.228932, 23.345887, -12.847867, 19.287060
29.268748, 23.193300, -12.847867, 19.500682
29.308563, 23.193300, -13.061490, 18.737745
29.348378, 23.193300, -13.214078, 19.287060
29.388194, 22.796572, -12.847867, 19.500682
29.428009, 23.010195, -13.061490, 19.500682
29.467824, 23.193300, -13.061490, 19.134473
29.507639, 23.742615, -12.847867, 18.951367
29.547455, 23.956238, -13.061490, 18.737745
29.587270, 23.345887, -12.664763, 18.951367
29.627085, 23.559510, -13.610805, 18.737745
29.666900, 23.345887, -13.061490, 19.134473
29.706716, 23.010195, -13.397182, 18.554640
29.746531, 23.956238, -12.847867, 18.737745
29.786346, 23.742615, -12.451140, 19.500682
29.826162, 23.193300, -13.214078, 19.287060
29.865977, 23.193300, -13.214078, 19.287060
29.905792, 23.345887, -13.061490, 19.287060
29.945607, 23.010195, -12.847867, 18.737745
29.985423, 23.193300, -12.847867, 18.951367
30.025238, 23.193300, -12.847867, 18.951367
30.065053, 23.345887, -13.061490, 19.500682
30.104868, 23.193300, -13.214078, 18.951367
30.144684, 23.559510, -12.664763, 19.287060
30.184499, 23.559510, -13.214078, 18.737745
30.224314, 22.796572, -13.061490, 19.287060
30.264129, 23.193300, -13.397182, 18.737745
30.303945, 22.613467, -13.061490, 19.500682
30.343760, 23.559510, -13.061490, 19.500682
30.383575, 23.010195, -12.664763, 19.134473
30.423391, 23.345887, -13.214078, 19.134473
30.463206, 23.193300, -13.061490, 18.951367
30.503021, 23.193300, -13.214078, 19.134473
30.542836, 23.345887, -12.451140, 19.287060
30.582652, 23.742615, -12.847867, 18.951367
30.622467, 23.742615, -12.847867, 18.951367
30.662282, 23.345887, -13.214078, 18.951367
30.702097, 23.559510, -13.061490, 19.287060
30.741913, 23.345887, -13.061490, 19.134473
30.781728, 23.010195, -13.061490, 19.134473
30.821543, 23.010195, -13.214078, 18.737745
30.861359, 23.742615, -13.214078, 18.951367
30.901174, 23.345887, -13.061490, 19.287060
30.940989, 23.010195, -12.664763, 19.714305
30.980804, 23.345887, -13.061490, 18.951367
31.020620, 23.742615, -12.847867, 18.737745
31.060435, 23.193300, -13.061490, 19.287060
31.100250, 23.742615, -13.061490, 18.951367
31.140065, 23.193300, -13.061490, 19.287060
31.179881, 23.742615, -13.397182, 18.554640
31.219696, 23.345887, -13.061490, 19.500682
31.259511, 23.742615, -12.847867, 19.134473
31.299326, 23.742615, -12.847867, 19.287060
31.339142, 23.345887, -13.397182, 18.951367
31.378957, 23.742615, -12.664763, 18.737745
31.418772, 23.010195, -12.847867, 18.951367
31.458588, 23.010195, -12.847867, 18.951367
31.498403, 23.559510, -12.847867, 18.951367
31.538218, 23.559510, -13.214078, 19.134473
31.578033, 23.956238, -13.214078, 19.134473
31.617849, 22.796572, -12.847867, 19.134473
31.657664, 23.742615, -13.061490, 19.134473
31.697479, 23.345887, -13.397182, 19.287060
31.737294, 23.345887, -12.847867, 19.714305
31.777110, 23.345887, -13.214078, 18.951367
31.816925, 23.956238, -13.397182, 18.554640
31.856689, 23.010195, -13.214078, 19.500682
31.896501, 23.345887, -13.061490, 19.287060
31.936312, 22.613467, -13.061490, 19.287060
31.976124, 23.345887, -13.397182, 18.554640
32.015936, 23.193300, -12.847867, 19.134473
32.055748, 23.010195, -12.847867, 19.500682
32.095559, 23.345887, -13.610805, 19.287060
32.135371, 23.345887, -13.061490, 18.890332
32.175183, 23.345887, -13.061490, 19.714305
32.214995, 23.010195, -12.664763, 19.134473
32.254806, 23.345887, -12.847867, 19.500682
32.294618, 23.345887, -12.847867, 19.500682
32.334430, 23.193300, -12.847867, 19.287060
32.374242, 23.193300, -13.397182, 18.737745
32.414053, 23.345887, -13.061490, 18.951367
32.453865, 23.742615, -13.061490, 18.737745
32.493677, 23.345887, -13.214078, 19.287060
32.533489, 23.345887, -12.847867, 18.737745
32.573300, 23.345887, -13.061490, 19.134473
32.613112, 22.796572, -12.664763, 19.287060
32.652924, 23.345887, -12.664763, 18.737745
32.692736, 23.193300, -13.214078, 19.500682
32.732547, 23.193300, -13.061490, 19.134473
32.772359, 23.559510, -13.214078, 18.951367
32.812171, 24.108825, -12.847867, 19.500682
32.851983, 23.956238, -12.847867, 18.951367
32.891794, 23.193300, -13.061490, 18.951367
32.931606, 23.345887, -13.214078, 19.134473
32.971418, 23.193300, -12.451140, 18.951367
33.011230, 23.010195, -13.061490, 19.500682
33.051041, 23.742615, -12.847867, 19.287060
33.090853, 23.742615, -12.847867, 19.287060
33.130665, 23.742615, -12.847867, 19.287060
33.170477, 23.345887, -13.061490, 18.951367
33.210288, 23.742615, -13.214078, 19.134473
33.250100, 23.956238, -13.061490, 19.134473
33.289912, 23.559510, -13.214078, 18.951367
33.329724, 23.559510, -12.847867, 19.287060
33.369535, 23.345887, -13.061490, 18.951367
33.409347, 23.345887, -13.061490, 18.951367
33.449159, 23.345887, -12.664763, 19.500682
33.488970, 23.010195, -13.214078, 18.737745
33.528782, 23.742615, -12.664763, 19.134473
33.568594, 23.742615, -13.061490, 19.500682
33.608406, 23.345887, -13.061490, 18.737745
33.648217, 23.010195, -12.451140, 19.500682
33.688029, 23.345887, -13.061490, 19.134473
33.727841, 23.956238, -13.061490, 18.951367
33.767653, 22.796572, -12.664763, 19.500682
33.807464, 23.193300, -13.061490, 19.134473
33.847276, 23.193300, -13.214078, 18.737745
33.887088, 23.193300, -12.847867, 19.500682
33.926900, 23.162782, -12.939420, 19.500682
33.966711, 23.712097, -12.756315, 18.737745
34.006523, 23.834167, -12.237517, 17.547562
34.046335, 23.254335, -11.688202, 17.211870
34.086147, 23.254335, -11.047335, 15.594442
34.125958, 22.888125, -10.162327, 15.014610
34.165770, 22.308293, -9.551977, 14.587365
34.205582, 21.911565, -9.002662, 14.404260
34.245394, 20.904487, -8.209207, 13.549770
34.285205, 21.301215, -8.209207, 12.786832
34.325017, 21.209663, -8.209207, 11.962860
34.364829, 21.545355, -7.995585, 11.352510
34.404641, 21.362250, -7.690410, 9.399390
34.444452, 21.942082, -7.537822, 8.636452
34.484264, 22.186222, -6.957990, 7.385235
34.524076, 21.636907, -6.408675, 6.805402
34.563888, 21.392767, -6.164535, 4.791247
34.603699, 20.843452, -5.584702, 3.997793
34.643511, 21.453802, -4.058827, 2.838128
34.683323, 21.636907, -4.058827, 1.892085
34.723135, 21.301215, -3.936758, 1.586910
34.762946, 21.087592, -3.936758, 0.061035
34.802758, 20.202585, -4.241932, -0.701902
34.842570, 21.850530, -4.791247, -1.312253
34.882382, 21.148627, -5.889877, -1.800532
34.922193, 20.751900, -5.157457, -2.014155
34.962005, 21.697942, -5.462632, -2.655022
35.001739, 21.301215, -5.310045, -2.838128
35.041556, 21.362250, -6.011947, -3.112785
35.081373, 21.911565, -6.195053, -3.692617
35.121191, 20.660348, -6.439192, -3.509513
35.161008, 21.392767, -6.439192, -3.509513
35.200825, 21.636907, -6.439192, -4.455555
35.240642, 22.247257, -6.805402, -4.241932
35.280460, 21.240180, -6.713850, -4.241932
35.320277, 22.003117, -6.286605, -4.241932
35.360094, 22.094670, -6.713850, -4.455555
35.399911, 21.911565, -6.164535, -4.455555
35.439728, 22.094670, -6.286605, -4.394520
35.479546, 22.094670, -6.286605, -4.394520
35.519363, 22.064152, -5.950913, -4.608142
35.559180, 22.613467, -6.164535, -4.608142
35.598997, 21.789495, -6.805402, -4.608142
35.638814, 22.338810, -6.652815, -4.394520
35.678632, 22.003117, -6.896955, -4.791247
35.718449, 22.155705, -6.011947, -4.211415
35.758266, 22.552432, -6.256087, -4.608142
35.798083, 22.338810, -6.439192, -4.791247
35.837901, 22.888125, -6.408675, -4.608142
35.877718, 22.003117, -6.744368, -4.608142
35.917535, 22.735537, -6.744368, -4.394520
35.957352, 22.338810, -6.195053, -4.394520
35.997169, 21.758978, -6.957990, -3.997793
36.036987, 22.094670, -6.561262, -4.211415
36.076804, 22.094670, -6.713850, -4.394520
36.116621, 22.491397, -6.713850, -4.211415
36.156438, 22.094670, -6.500228, -4.211415
36.196256, 22.491397, -6.713850, -4.211415
36.236073, 22.491397, -6.713850, -4.211415
36.275890, 21.758978, -6.713850, -3.845205
36.315707, 22.491397, -6.347640, -4.394520
36.355524, 22.491397, -6.713850, -4.394520
36.395342, 21.942082, -6.713850, -3.997793
36.435159, 22.491397, -6.500228, -4.608142
36.474976, 22.491397, -6.652815, -3.997793
36.514793, 22.705020, -6.439192, -4.608142
36.554610, 22.308293, -6.835920, -4.364002
36.594428, 22.491397, -6.439192, -4.364002
36.634245, 22.705020, -6.439192, -4.150380
36.674062, 23.040712, -6.439192, -4.364002
36.713879, 22.857608, -6.286605, -3.936758
36.753697, 22.491397, -6.652815, -4.943835
36.793514, 22.705020, -6.103500, -4.364002
36.833331, 22.705020, -5.889877, -4.760730
36.873148, 21.362250, -6.286605, -4.760730
36.912965, 22.857608, -6.286605, -4.364002
36.952783, 22.308293, -6.286605, -4.943835
36.992600, 22.308293, -6.286605, -4.943835
37.032417, 22.491397, -6.103500, -5.096423
37.072234, 22.094670, -6.439192, -5.096423
37.112052, 22.308293, -6.286605, -4.760730
37.151869, 21.942082, -6.439192, -4.943835
37.191686, 22.308293, -6.652815, -4.364002
37.231503, 23.040712, -6.439192, -4.150380
37.271320, 22.857608, -6.286605, -4.760730
37.311138, 22.705020, -6.286605, -4.547108
37.350955, 22.094670, -6.286605, -4.943835
37.390772, 22.491397, -5.737290, -4.547108
37.430589, 22.308293, -6.103500, -5.096423
37.470407, 22.308293, -6.439192, -4.364002
37.510224, 22.094670, -5.859360, -4.547108
37.550041, 22.308293, -6.256087, -5.310045
37.589858, 22.705020, -5.889877, -5.096423
37.629675, 22.705020, -6.988507, -4.760730
37.669493, 22.491397, -5.737290, -4.547108
37.709310, 22.705020, -6.103500, -4.760730
37.749127, 22.705020, -6.103500, -4.760730
37.788944, 22.491397, -6.286605, -4.150380
37.828761, 22.857608, -6.439192, -4.547108
37.868579, 22.857608, -6.103500, -4.943835
37.908396, 22.094670, -6.103500, -4.760730
37.948213, 22.308293, -6.652815, -3.936758
37.988030, 22.491397, -6.256087, -4.150380
38.027848, 23.040712, -6.408675, -4.760730
38.067665, 22.491397, -6.439192, -4.150380
38.107482, 22.857608, -6.103500, -4.364002
38.147247, 22.491397, -6.439192, -4.364002
38.187063, 22.705020, -6.439192, -4.760730
38.226880, 23.040712, -6.591780, -3.936758
38.266696, 21.942082, -6.591780, -3.814687
38.306513, 22.705020, -6.256087, -4.150380
38.346329, 22.705020, -6.591780, -4.364002
38.386146, 22.857608, -6.591780, -4.547108
38.425962, 22.857608, -6.256087, -4.547108
38.465778, 21.942082, -6.591780, -3.814687
38.505595, 21.942082, -6.591780, -3.814687
38.545411, 22.094670, -6.042465, -4.364002
38.585228, 22.857608, -6.805402, -4.150380
38.625044, 22.857608, -6.408675, -4.364002
38.664861, 22.491397, -6.256087, -4.547108
38.704677, 23.040712, -6.408675, -4.364002
38.744494, 22.308293, -6.256087, -4.760730
38.784310, 22.308293, -6.256087, -4.760730
38.824126, 21.942082, -6.408675, -5.096423
38.863943, 22.308293, -6.256087, -4.150380
38.903759, 22.857608, -6.256087, -4.547108
38.943576, 22.308293, -6.408675, -4.547108
38.983392, 22.491397, -6.591780, -4.943835
39.023209, 22.094670, -6.408675, -5.096423
39.063025, 22.705020, -6.256087, -5.096423
39.102841, 22.491397, -6.256087, -4.943835
39.142658, 22.705020, -6.591780, -4.943835
39.182474, 22.857608, -6.591780, -5.096423
39.222291, 22.857608, -6.591780, -5.096423
39.262107, 22.857608, -6.591780, -5.096423
39.301924, 22.857608, -6.591780, -5.554185
39.341740, 23.254335, -6.591780, -5.096423
39.381557, 23.254335, -6.591780, -5.096423
39.421373, 22.857608, -6.408675, -4.760730
39.461189, 22.308293, -6.591780, -5.096423
39.501006, 23.254335, -6.591780, -4.943835
39.540822, 23.437440, -6.408675, -4.547108
39.580639, 22.857608, -6.591780, -5.554185
39.620455, 23.040712, -6.591780, -5.096423
39.660272, 22.857608, -6.042465, -5.096423
39.700088, 22.857608, -6.256087, -4.943835
39.739904, 22.705020, -6.256087, -5.310045
39.779721, 23.040712, -6.256087, -4.943835
39.819537, 23.040712, -6.591780, -4.760730
39.859354, 23.437440, -6.042465, -5.096423
39.899170, 22.705020, -5.706772, -5.310045
39.938987, 23.437440, -6.042465, -5.554185
39.978803, 23.254335, -6.256087, -5.889877
40.018619, 23.254335, -6.408675, -5.554185
40.058436, 23.254335, -6.408675, -5.554185
40.098252, 23.254335, -6.591780, -5.310045
40.138069, 23.254335, -6.256087, -4.760730
40.177885, 22.857608, -6.591780, -5.096423
40.217702, 22.705020, -6.408675, -5.310045
40.257518, 22.705020, -6.408675, -4.943835
40.297335, 23.437440, -6.591780, -4.547108
40.337151, 23.254335, -6.256087, -5.096423
40.376967, 23.040712, -6.042465, -5.096423
40.416784, 23.437440, -6.591780, -4.943835
40.456600, 23.040712, -6.256087, -5.310045
40.496417, 23.040712, -6.042465, -4.760730
40.536233, 23.437440, -6.408675, -4.943835
40.576050, 23.254335, -6.042465, -5.310045
40.615866, 23.437440, -6.042465, -5.310045
40.655682, 23.040712, -6.042465, -4.760730
40.695499, 23.040712, -6.408675, -4.943835
40.735315, 22.857608, -6.042465, -5.310045
40.775132, 23.040712, -6.408675, -5.096423
40.814948, 23.040712, -6.408675, -5.096423
40.854765, 23.437440, -6.256087, -5.096423
40.894581, 23.590027, -6.408675, -5.096423
40.934398, 23.254335, -6.408675, -4.760730
40.974214, 23.254335, -6.256087, -4.943835
41.014030, 22.705020, -6.805402, -5.340562
41.053847, 23.040712, -6.591780, -5.310045
41.093663, 23.254335, -6.408675, -4.943835
41.133480, 22.857608, -6.408675, -5.310045
41.173296, 22.705020, -5.859360, -4.547108
41.213113, 23.254335, -6.256087, -4.943835
41.252929, 23.254335, -6.408675, -4.547108
41.292694, 22.857608, -6.256087, -5.096423
41.332504, 22.705020, -6.256087, -4.760730
41.372314, 23.590027, -6.805402, -5.096423
41.412123, 23.437440, -6.042465, -4.943835
41.451933, 22.857608, -6.256087, -5.310045
41.491743, 23.254335, -6.408675, -4.943835
41.531553, 23.437440, -5.859360, -5.096423
41.571362, 23.040712, -6.591780, -5.096423
41.611172, 23.040712, -6.591780, -5.096423
41.650982, 22.491397, -6.256087, -4.760730
41.690792, 22.491397, -6.042465, -4.943835
41.730602, 23.040712, -6.256087, -5.096423
41.770411, 23.254335, -6.256087, -5.340562
41.810221, 22.857608, -6.408675, -5.096423
41.850031, 22.857608, -6.591780, -4.760730
41.889841, 22.705020, -6.256087, -5.706772
41.929651, 22.857608, -6.042465, -4.760730
41.969460, 23.254335, -6.042465, -5.096423
42.009270, 23.437440, -6.042465, -5.340562
42.049080, 23.986755, -5.859360, -4.943835
42.088890, 23.254335, -5.859360, -5.554185
42.128699, 23.254335, -6.256087, -5.096423
42.168509, 23.986755, -5.859360, -5.554185
42.208319, 23.437440, -5.706772, -5.310045
42.248129, 23.040712, -5.706772, -5.096423
42.287939, 23.590027, -6.256087, -4.760730
42.327748, 23.254335, -6.011947, -5.096423
42.367558, 23.254335, -6.011947, -5.096423
42.407368, 23.040712, -6.347640, -5.889877
42.447178, 23.040712, -6.195053, -5.554185
42.486987, 23.590027, -6.195053, -5.340562
42.526797, 22.705020, -6.195053, -5.310045
42.566607, 23.803650, -6.011947, -5.340562
42.606417, 22.857608, -6.195053, -5.096423
42.646227, 22.857608, -6.011947, -5.706772
42.686036, 23.040712, -6.011947, -5.340562
42.725846, 23.590027, -6.011947, -5.706772
42.765656, 23.803650, -6.195053, -4.943835
42.805466, 23.437440, -6.195053, -5.554185
42.845275, 23.590027, -6.011947, -5.096423
42.885085, 23.254335, -6.195053, -5.310045
42.924895, 22.857608, -5.645738, -5.096423
42.964705, 23.254335, -6.011947, -4.943835
43.004515, 23.040712, -6.561262, -5.340562
43.044324, 23.590027, -6.011947, -5.096423
43.084134, 23.040712, -6.011947, -5.340562
43.123944, 23.040712, -6.011947, -5.340562
43.163754, 23.803650, -6.011947, -5.096423
43.203564, 23.437440, -6.347640, -4.364002
43.243373, 23.040712, -6.195053, -4.547108
43.283183, 23.437440, -6.011947, -5.554185
43.322993, 23.437440, -6.195053, -4.943835
43.362803, 23.590027, -6.011947, -5.706772
43.402612, 22.705020, -6.195053, -5.706772
43.442422, 23.590027, -5.798325, -5.554185
43.482232, 23.437440, -6.347640, -5.310045
43.522042, 23.590027, -6.011947, -5.310045
43.561852, 23.803650, -6.347640, -5.096423
43.601661, 23.040712, -5.798325, -5.096423
43.641471, 23.254335, -6.011947, -5.096423
43.681281, 23.590027, -6.744368, -5.554185
43.721091, 23.254335, -5.798325, -5.554185
43.760900, 23.590027, -6.195053, -5.096423
43.800710, 23.254335, -5.798325, -5.554185
43.840520, 23.254335, -5.798325, -5.889877
43.880330, 23.254335, -5.798325, -5.889877
43.920140, 23.254335, -5.798325, -5.096423
43.959949, 23.590027, -6.195053, -5.554185
43.999759, 22.857608, -5.645738, -5.096423
44.039569, 23.040712, -6.195053, -5.554185
44.079379, 23.590027, -6.195053, -5.889877
44.119189, 23.254335, -5.798325, -5.554185
44.158998, 23.437440, -6.011947, -5.889877
44.198808, 22.857608, -5.645738, -5.889877
44.238618, 23.986755, -6.011947, -6.103500
44.278428, 23.254335, -6.011947, -5.554185
44.318237, 23.254335, -5.798325, -5.554185
44.358047, 23.437440, -5.798325, -6.286605
44.397857, 23.040712, -6.011947, -5.554185
44.437591, 23.590027, -5.798325, -5.706772
44.477408, 23.040712, -6.011947, -5.706772
44.517225, 23.590027, -5.462632, -6.103500
44.557043, 23.986755, -6.011947, -6.103500
44.596860, 23.590027, -5.462632, -6.103500
44.636677, 23.590027, -6.195053, -5.340562
44.676494, 23.590027, -6.195053, -5.340562
44.716312, 23.803650, -6.011947, -5.340562
44.756129, 23.803650, -6.011947, -6.286605
44.795946, 23.040712, -6.011947, -5.706772
44.835763, 23.803650, -6.347640, -6.103500
44.875580, 23.986755, -6.011947, -5.340562
44.915398, 23.590027, -6.011947, -5.554185
44.955215, 23.590027, -6.347640, -5.889877
44.995032, 23.040712, -6.011947, -5.889877
45.034849, 23.040712, -6.011947, -5.340562
45.074666, 22.857608, -5.462632, -5.889877
45.114484, 23.254335, -5.645738, -5.706772
45.154301, 23.986755, -5.798325, -5.706772
45.194118, 23.590027, -5.645738, -5.554185
45.233935, 23.590027, -5.645738, -5.706772
45.273753, 23.437440, -5.645738, -5.889877
45.313570, 23.254335, -5.798325, -5.706772
45.353387, 24.200377, -5.645738, -5.554185
45.393204, 23.437440, -6.011947, -5.706772
45.433021, 23.437440, -6.011947, -5.706772
45.472839, 23.437440, -6.011947, -5.706772
45.512656, 23.590027, -6.011947, -4.943835
45.552473, 23.040712, -6.011947, -5.706772
45.592290, 23.590027, -6.195053, -5.340562
45.632108, 23.254335, -6.011947, -5.340562
45.671925, 23.986755, -5.798325, -5.340562
45.711742, 22.857608, -5.798325, -5.340562
45.751559, 23.437440, -6.195053, -5.096423
45.791376, 23.803650, -5.798325, -5.340562
45.831194, 23.437440, -6.011947, -5.889877
45.871011, 23.986755, -6.195053, -4.943835
45.910828, 23.590027, -6.011947, -5.706772
45.950645, 24.200377, -6.011947, -5.340562
45.990462, 23.254335, -6.195053, -5.340562
46.030280, 23.254335, -6.011947, -5.706772
46.070097, 23.590027, -5.798325, -5.096423
46.109914, 23.437440, -5.462632, -5.554185
46.149731, 23.803650, -6.195053, -5.706772
46.189549, 23.590027, -5.798325, -4.943835
46.229366, 23.590027, -5.798325, -4.943835
46.269183, 23.590027, -5.645738, -5.706772
46.309000, 23.590027, -6.011947, -5.706772
46.348817, 23.803650, -6.011947, -5.706772
46.388635, 23.254335, -6.011947, -5.310045
46.428452, 23.986755, -5.645738, -5.096423
46.468269, 23.590027, -6.195053, -4.943835
46.508086, 23.803650, -5.798325, -5.554185
46.547904, 23.254335, -5.645738, -5.706772
46.587721, 23.254335, -5.645738, -5.706772
46.627538, 23.254335, -5.462632, -5.340562
46.667355, 23.986755, -6.561262, -5.340562
46.707172, 23.590027, -5.798325, -4.943835
46.746990, 23.590027, -5.249010, -5.706772
46.786807, 23.437440, -5.798325, -4.943835
46.826624, 23.590027, -5.645738, -4.943835
46.866441, 23.986755, -6.347640, -5.554185
46.906259, 23.254335, -5.798325, -5.340562
46.946076, 23.254335, -5.798325, -5.340562
46.985893, 23.590027, -5.798325, -5.096423
47.025710, 23.590027, -5.645738, -5.310045
47.065527, 23.590027, -6.195053, -5.096423
47.105345, 24.352965, -5.462632, -4.943835
47.145162, 23.986755, -6.195053, -3.814687
47.184979, 23.986755, -5.798325, -3.204337
47.224796, 23.986755, -5.035387, -3.387443
47.264613, 23.040712, -4.913317, -2.990715
47.304431, 22.491397, -3.387443, -2.258295
47.344248, 21.758978, -1.892085, -1.464840
47.384065, 20.294137, -0.640868, -1.312253
47.423882, 20.111033, 0.640868, -0.488280
47.463700, 18.707227, 2.807610, -1.037595
47.503517, 17.944290, 3.753652, -0.640868
47.543334, 17.547562, 6.835920, -0.854490
47.583068, 16.448932, 6.835920, -1.037595
47.622878, 16.540485, 10.101292, 0.000000
47.662688, 15.991170, 10.436985, 0.000000
47.702499, 16.113240, 11.810272, 0.000000
47.742309, 15.136680, 12.939420, -0.396728
47.782119, 14.434777, 14.007532, -0.793455
47.821929, 15.014610, 14.556847, -0.396728
47.861739, 14.099085, 15.594442, -1.007078
47.901549, 13.336147, 16.357380, -1.342770
47.941360, 11.688202, 18.249465, -2.685540
47.981170, 9.063697, 19.592235, -3.845205
48.020980, 7.751445, 21.453802, -4.455555
48.060790, 6.805402, 22.186222, -5.462632
48.100600, 7.049543, 21.911565, -5.584702
48.140411, 6.500228, 22.247257, -6.011947
48.180221, 6.500228, 22.460880, -7.141095
48.220031, 5.187975, 23.193300, -7.354717
48.259841, 4.913317, 23.284852, -8.514382
48.299651, 3.540030, 23.498475, -9.246802
48.339461, 3.997793, 23.284852, -10.192845
48.379272, 2.838128, 23.712097, -10.009740
48.419082, 2.746575, 24.352965, -11.352510
48.458892, 2.746575, 24.352965, -11.352510
48.498702, 0.701902, 25.360042, -13.244595
48.538512, 0.335693, 25.909357, -13.061490
48.578322, -0.305175, 25.604183, -14.343225
48.618133, -0.305175, 26.306085, -14.343225
48.657943, -0.885007, 26.306085, -15.289267
48.697753, -1.098630, 26.641777, -15.289267
48.737563, -2.105707, 27.557302, -16.601520
48.777373, -2.288813, 27.160575, -16.387898
48.817184, -2.014155, 27.892995, -18.157912
48.856994, -2.593987, 27.892995, -17.944290
48.896804, -1.861568, 28.198170, -17.700150
48.936614, -1.708980, 28.350758, -18.707227
48.976424, -0.640868, 28.198170, -18.859815
49.016234, -1.739497, 28.594897, -18.707227
49.056045, -0.946043, 28.900073, -19.042920
49.095855, -0.793455, 28.900073, -19.836375
49.135665, -0.335693, 29.388352, -19.592235
49.175475, -0.335693, 29.540940, -19.592235
49.215285, -0.305175, 29.296800, -20.538277
49.255096, -0.305175, 29.296800, -20.538277
49.294906, -0.457763, 29.601975, -20.935005
49.334716, 0.305175, 30.334395, -21.301215
49.374526, 0.305175, 29.540940, -21.911565
49.414336, 0.305175, 30.303877, -21.911565
49.454146, 0.152587, 29.693527, -22.460880
49.493957, 0.000000, 29.907150, -22.460880
49.533767, -0.396728, 30.212325, -22.643985
49.573577, -0.946043, 30.212325, -23.010195
49.613387, -0.610350, 29.937667, -23.010195
49.653197, -1.342770, 29.937667, -23.406923
49.693008, -1.098630, 30.151290, -22.460880
49.732818, -0.701902, 30.334395, -22.643985
49.772628, -1.098630, 30.090255, -22.857608
49.812438, -0.885007, 30.639570, -22.460880
49.852248, -0.885007, 29.907150, -22.857608
49.892058, -1.098630, 30.486982, -22.643985
49.931869, -1.098630, 30.639570, -22.857608
49.971679, -1.312253, 30.303877, -23.193300
50.011489, -1.312253, 30.303877, -23.193300
50.051299, -0.885007, 29.907150, -23.010195
50.091109, -1.403805, 30.303877, -23.193300
50.130919, -0.854490, 30.090255, -22.857608
50.170730, -1.251217, 30.303877, -23.559510
50.210540, -1.037595, 30.090255, -23.345887
50.250350, -1.037595, 30.090255, -23.162782
50.290160, -1.251217, 30.303877, -23.162782
50.329970, -1.251217, 30.486982, -23.559510
50.369781, -1.403805, 30.090255, -23.345887
50.409591, -1.251217, 30.090255, -23.345887
50.449401, -1.037595, 30.486982, -23.162782
50.489211, -1.037595, 30.303877, -22.796572
50.529021, -1.251217, 29.907150, -22.796572
50.568831, -0.640868, 29.907150, -23.345887
50.608642, -1.403805, 30.090255, -22.949160
50.648452, -1.037595, 29.907150, -23.345887
50.688262, -1.037595, 30.639570, -22.796572
50.728454, -1.586910, 30.853192, -22.949160
50.768265, -1.586910, 30.090255, -22.949160
50.808076, -1.586910, 30.090255, -22.949160
50.847887, -1.037595, 30.090255, -23.162782
50.887698, -0.640868, 30.639570, -22.949160
50.927509, -1.251217, 29.907150, -22.949160
50.967320, -1.403805, 30.090255, -22.613467
51.007131, -0.305175, 30.303877, -23.559510
51.046942, -1.403805, 30.090255, -22.949160
51.086753, -1.403805, 30.303877, -23.345887
51.126564, -1.251217, 30.303877, -23.345887
51.166375, -0.854490, 30.303877, -23.559510
51.206186, -0.854490, 29.907150, -23.742615
51.245996, -1.037595, 30.303877, -23.345887
51.285807, -0.854490, 30.303877, -23.162782
51.325618, -1.251217, 29.754562, -23.193300
51.365429, -0.488280, 29.907150, -23.559510
51.405240, -0.640868, 30.853192, -23.345887
51.445051, -1.037595, 30.303877, -23.956238
51.484862, -1.037595, 30.303877, -23.162782
51.524673, -1.403805, 30.303877, -23.345887
51.564484, -1.037595, 30.486982, -23.559510
51.604295, -1.037595, 30.486982, -23.559510
51.644106, -1.037595, 30.486982, -23.559510
51.683917, -1.251217, 29.907150, -22.949160
51.723728, -1.037595, 30.486982, -23.162782
51.763539, -1.251217, 29.907150, -23.162782
51.803350, -1.037595, 30.486982, -23.742615
51.843161, -1.037595, 30.486982, -23.559510
51.882972, -1.037595, 30.456465, -23.162782
51.922783, -1.251217, 30.456465, -23.559510
51.962594, -1.251217, 30.242842, -23.345887
52.002405, -1.037595, 30.242842, -23.162782
52.042216, -0.854490, 30.242842, -23.162782
52.082027, -1.800532, 30.242842, -22.949160
52.121838, -1.403805, 30.456465, -23.559510
52.161649, -0.854490, 30.059738, -23.345887
52.201460, -1.403805, 30.242842, -22.949160
52.241271, -1.403805, 30.609053, -23.559510
52.281081, -1.251217, 30.456465, -23.742615
52.320892, -0.488280, 29.846115, -23.559510
52.360703, -1.251217, 30.456465, -23.956238
52.400514, -1.037595, 30.242842, -23.559510
52.440325, -1.037595, 30.242842, -23.559510
52.480136, -1.403805, 30.242842, -23.559510
52.519947, -1.251217, 30.242842, -23.345887
52.559758, -1.403805, 30.059738, -23.162782
52.599569, -1.037595, 30.242842, -24.108825
52.639380, -1.251217, 30.242842, -23.742615
52.679191, -1.251217, 30.059738, -23.559510
52.719002, -0.640868, 30.456465, -23.345887
52.758813, -1.586910, 30.242842, -23.956238
52.798624, -1.403805, 30.242842, -23.559510
52.838435, -1.037595, 30.059738, -23.742615
52.878246, -2.014155, 30.242842, -23.742615
52.918057, -1.586910, 30.303877, -23.742615
52.957868, -1.251217, 30.853192, -23.559510
52.997679, -1.251217, 30.609053, -23.559510
53.037490, -1.037595, 30.059738, -24.108825
53.077301, -1.800532, 30.639570, -24.139342
53.117112, -1.251217, 31.036297, -24.352965
53.156923, -1.403805, 30.853192, -24.139342
53.196734, -1.403805, 30.853192, -24.139342
53.236545, -1.403805, 30.242842, -25.085385
53.276356, -2.014155, 30.792157, -24.352965
53.316166, -1.586910, 30.792157, -24.139342
53.355977, -1.403805, 30.456465, -24.688657
53.395788, -1.586910, 30.456465, -24.688657
53.435599, -1.586910, 30.609053, -25.299007
53.475410, -2.563470, 30.639570, -24.536070
53.515221, -2.349848, 31.249920, -24.688657
53.555032, -1.586910, 30.639570, -24.139342
53.594843, -2.563470, 30.639570, -23.742615
53.634654, -2.349848, 30.639570, -24.505553
53.674465, -1.800532, 30.853192, -24.536070
53.714276, -1.586910, 31.005780, -24.688657
53.754087, -2.563470, 30.242842, -24.688657
53.793898, -2.746575, 30.456465, -24.688657
53.833709, -2.136225, 30.609053, -25.299007
53.873474, -2.136225, 30.853192, -24.536070
53.913290, -2.014155, 30.853192, -25.085385
53.953105, -2.014155, 30.853192, -25.054868
53.992921, -2.136225, 30.639570, -24.841245
54.032737, -2.563470, 30.609053, -25.054868
54.072552, -2.746575, 30.609053, -25.237972
54.112368, -2.014155, 30.456465, -25.054868
54.152184, -2.563470, 30.242842, -25.054868
54.191999, -2.349848, 30.609053, -25.634700
54.231815, -2.014155, 30.456465, -25.390560
54.271631, -2.136225, 30.456465, -25.054868
54.311446, -2.899163, 30.456465, -24.505553
54.351262, -2.746575, 30.609053, -24.841245
54.391077, -2.746575, 30.792157, -25.054868
54.430893, -2.349848, 30.456465, -25.054868
54.470709, -2.563470, 30.609053, -25.237972
54.510524, -2.349848, 30.609053, -25.054868
54.550340, -2.563470, 30.242842, -25.237972
54.590156, -3.295890, 30.242842, -24.841245
54.629971, -2.746575, 30.059738, -25.054868
54.669787, -2.746575, 30.792157, -25.054868
54.709603, -2.746575, 30.609053, -24.841245
54.749418, -2.746575, 30.609053, -24.841245
54.789234, -2.899163, 31.188885, -24.505553
54.829050, -3.295890, 30.609053, -24.841245
54.868865, -2.746575, 31.188885, -24.658140
54.908681, -2.746575, 30.792157, -24.841245
54.948497, -2.349848, 30.609053, -24.841245
54.988312, -2.349848, 30.792157, -25.054868
55.028128, -2.746575, 30.609053, -24.841245
55.067944, -2.563470, 30.792157, -24.841245
55.107759, -2.014155, 31.005780, -25.054868
55.147575, -2.899163, 31.188885, -24.505553
55.187391, -3.295890, 31.005780, -24.658140
55.227206, -2.746575, 31.341472, -24.658140
55.267022, -2.899163, 31.188885, -24.047790
55.306838, -3.112785, 30.609053, -24.047790
55.346653, -2.349848, 30.456465, -24.658140
55.386469, -2.563470, 31.188885, -24.291930
55.426284, -2.746575, 30.792157, -24.291930
55.466100, -2.746575, 31.341472, -24.047790
55.505916, -2.746575, 30.792157, -24.505553
55.545731, -2.746575, 30.792157, -24.505553
55.585547, -2.349848, 31.005780, -24.505553
55.625363, -2.899163, 31.188885, -24.505553
55.665178, -2.136225, 31.341472, -24.658140
55.704994, -2.563470, 30.792157, -24.505553
55.744810, -2.563470, 31.005780, -24.444517
55.784625, -3.112785, 31.188885, -24.291930
55.824441, -2.746575, 30.792157, -24.444517
55.864257, -2.349848, 31.005780, -24.291930
55.904072, -2.746575, 30.609053, -24.444517
55.943888, -2.136225, 30.792157, -24.658140
55.983704, -3.295890, 31.005780, -24.658140
56.023519, -3.295890, 30.456465, -24.841245
56.063335, -2.899163, 30.792157, -24.505553
56.103151, -2.746575, 31.005780, -25.054868
56.142966, -2.899163, 31.188885, -24.841245
56.182782, -2.899163, 30.792157, -24.841245
56.222598, -3.295890, 30.456465, -25.634700
56.262413, -3.112785, 30.609053, -24.658140
56.302229, -3.112785, 30.609053, -24.658140
56.342045, -3.112785, 30.792157, -25.237972
56.381860, -3.112785, 31.005780, -25.634700
56.421676, -2.899163, 30.792157, -25.451595
56.461491, -3.112785, 31.188885, -25.451595
56.501307, -3.112785, 31.005780, -25.054868
56.541123, -3.112785, 30.792157, -25.054868
56.580938, -2.563470, 30.456465, -24.841245
56.620754, -3.295890, 30.792157, -24.841245
56.660570, -2.746575, 31.005780, -24.658140
56.700385, -2.563470, 30.609053, -24.658140
56.740201, -3.295890, 30.792157, -25.054868
56.780017, -3.295890, 30.609053, -24.444517
56.819832, -2.899163, 30.792157, -24.658140
56.859648, -3.509513, 30.792157, -24.658140
56.899464, -3.112785, 31.005780, -24.261412
56.939279, -3.295890, 31.005780, -25.237972
56.979095, -3.509513, 30.456465, -24.841245
57.018890, -2.899163, 31.188885, -24.658140
57.058700, -3.112785, 31.005780, -24.658140
57.098510, -3.112785, 30.609053, -24.261412
57.138321, -3.112785, 30.609053, -24.261412
57.178131, -3.112785, 30.792157, -24.841245
57.217941, -2.746575, 31.005780, -24.108825
57.257751, -2.746575, 31.005780, -24.658140
57.297561, -2.899163, 30.609053, -24.291930
57.337371, -2.899163, 30.792157, -24.658140
57.377182, -2.899163, 30.792157, -24.505553
57.416992, -2.349848, 31.188885, -24.291930
57.456802, -2.349848, 31.005780, -24.658140
57.496612, -3.295890, 31.005780, -24.444517
57.536422, -2.563470, 30.609053, -24.658140
57.576233, -2.746575, 30.792157, -24.658140
57.616043, -3.295890, 31.005780, -24.658140
57.655853, -2.899163, 31.188885, -24.291930
57.695663, -2.899163, 30.792157, -24.444517
57.735473, -2.899163, 31.005780, -24.658140
57.775283, -3.509513, 30.792157, -24.505553
57.815094, -3.112785, 30.792157, -24.658140
57.854904, -2.899163, 31.188885, -24.291930
57.894714, -2.899163, 30.792157, -24.261412
57.934524, -2.746575, 31.005780, -24.047790
57.974334, -2.746575, 31.005780, -24.047790
58.014144, -2.746575, 31.005780, -24.047790
58.053955, -3.295890, 31.188885, -24.291930
58.093765, -2.746575, 31.005780, -24.047790
58.133575, -2.563470, 30.792157, -24.291930
58.173385, -2.746575, 31.188885, -23.895202
58.213195, -3.295890, 31.005780, -23.895202
58.253006, -3.112785, 31.005780, -24.047790
58.292816, -2.899163, 31.005780, -23.895202
58.332626, -3.509513, 31.005780, -24.108825
58.372436, -3.112785, 31.005780, -24.291930
58.412246, -3.845205, 31.341472, -23.895202
58.452056, -3.509513, 31.555095, -24.108825
58.491867, -3.509513, 31.555095, -24.505553
58.531677, -3.295890, 31.188885, -24.108825
58.571487, -3.662100, 31.188885, -24.108825
58.611297, -3.112785, 31.188885, -24.658140
58.651107, -3.509513, 31.738200, -23.712097
58.690918, -3.662100, 32.104410, -24.108825
58.730728, -3.509513, 31.555095, -24.047790
58.770538, -3.509513, 31.738200, -23.498475
58.810348, -3.509513, 31.738200, -23.498475
58.850158, -2.746575, 31.555095, -24.108825
58.889968, -3.112785, 31.555095, -23.498475
58.929779, -3.845205, 31.951822, -23.712097
58.969589, -3.509513, 31.951822, -24.291930
59.009399, -3.295890, 32.104410, -24.291930
59.049209, -3.509513, 32.287515, -24.291930
59.089019, -3.845205, 32.287515, -23.895202
59.128830, -4.058827, 32.104410, -23.162782
59.168640, -3.112785, 32.287515, -23.498475
59.208450, -3.662100, 33.599767, -22.735537
59.248260, -2.899163, 35.491853, -20.599312
59.288070, -1.586910, 36.590483, -18.890332
59.327880, -1.403805, 36.041168, -17.547562
59.367691, -1.586910, 35.308748, -15.655477
59.407501, -2.014155, 34.301670, -13.305630
59.447311, -2.014155, 32.958900, -10.803195
59.487121, -2.563470, 32.592690, -8.209207
59.526931, -3.295890, 30.914227, -7.263165
59.566741, -3.295890, 30.853192, -5.584702
59.606552, -3.662100, 29.144212, -4.455555
59.646362, -3.692617, 29.449388, -4.241932
59.686172, -3.906240, 29.113695, -1.708980
59.725982, -3.906240, 28.686450, 0.000000
59.765792, -3.692617, 28.839037, 1.556393
59.805603, -4.089345, 29.205247, 3.936758
59.845413, -4.302968, 29.052660, 5.493150
59.885223, -3.753652, 28.594897, 7.812480
59.925033, -4.486072, 27.984547, 9.155250
59.964843, -4.699695, 27.984547, 10.345432
60.004653, -4.364002, 27.587820, 11.505097
60.044464, -5.310045, 27.709890, 12.298552
60.084274, -4.394520, 27.709890, 12.847867
60.124084, -5.493150, 27.709890, 13.214078
60.163848, -5.310045, 28.259205, 14.953575
60.203665, -4.760730, 27.587820, 16.387898
60.243482, -4.760730, 27.984547, 16.540485
60.283299, -4.760730, 26.397637, 18.005325
60.323115, -4.211415, 25.237972, 19.561718
60.362932, -3.234855, 23.437440, 22.094670
60.402749, -3.051750, 20.812935, 24.200377
60.442566, -3.051750, 20.843452, 24.291930
60.482383, -1.190182, 16.754107, 26.458672
60.522199, -0.457763, 13.763393, 28.106617
60.562016, -0.244140, 11.291475, 28.655932
60.601833, 0.305175, 7.995585, 30.609053
60.641650, 1.037595, 5.187975, 30.609053
60.681467, 1.190182, 0.640868, 31.188885
60.721284, 1.007078, -1.800532, 31.555095
60.761100, 1.007078, -5.035387, 31.158368
60.800917, 1.007078, -7.690410, 31.707683
60.840734, 1.007078, -10.803195, 30.700605
60.880551, 1.739497, -13.061490, 29.357835
60.920368, 0.793455, -15.502890, 29.205247
60.960185, 0.061035, -17.913773, 28.045582
61.000001, 0.793455, -18.951367, 26.946952
61.039818, 1.007078, -20.263620, 25.939875
61.079635, 0.793455, -19.988962, 25.848322
61.119452, 0.793455, -20.599312, 25.848322
61.159269, 0.793455, -22.186222, 24.261412
61.199086, 0.793455, -22.735537, 23.498475
61.238902, 0.640868, -23.284852, 22.857608
61.278719, 0.640868, -23.284852, 22.857608
61.318536, -1.556393, -24.261412, 21.758978
61.358353, -1.556393, -25.207455, 21.545355
61.398170, -1.892085, -25.695735, 22.064152
61.437987, -1.708980, -26.641777, 22.460880
61.477804, -1.159665, -26.763848, 22.705020
61.517620, -0.610350, -27.862478, 23.284852
61.557437, -0.885007, -28.106617, 23.040712
61.597254, -1.464840, -28.442310, 23.986755
61.637071, -1.251217, -29.235765, 23.559510
61.676888, -1.037595, -30.212325, 23.895202
61.716704, -1.251217, -30.944745, 24.047790
61.756521, -1.251217, -31.341472, 23.834167
61.796338, -1.190182, -31.555095, 24.597105
61.836155, -1.556393, -32.501137, 24.749692
61.875972, -1.007078, -32.562173, 24.352965
61.915789, -0.457763, -33.111488, 24.536070
61.955605, -0.396728, -33.508215, 25.146420
61.995422, 0.000000, -33.660803, 25.299007
62.035239, 0.000000, -34.484775, 25.237972
62.075056, -0.213622, -33.935460, 25.634700
62.114873, -0.152587, -33.843908, 25.634700
62.154690, -0.885007, -34.210118, 26.000910
62.194506, -1.098630, -34.301670, 25.787287
62.234323, -0.335693, -34.698397, 25.939875
62.274140, -1.251217, -34.240635, 25.604183
62.313957, -0.885007, -34.454257, 25.787287
62.353774, -0.640868, -34.606845, 26.336602
62.393591, -0.091552, -34.393223, 26.550225
62.433407, -0.305175, -34.698397, 26.946952
62.473224, -0.457763, -34.362705, 26.550225
62.513041, -1.037595, -34.545810, 26.550225
62.552858, -0.854490, -34.698397, 26.550225
62.592675, -0.305175, -34.850985, 26.550225
62.632492, 0.305175, -34.850985, 26.550225
62.672308, -0.305175, -35.034090, 27.160575
62.712125, -0.457763, -35.247712, 26.946952
62.751942, -0.305175, -35.003572, 27.343680
62.791759, -0.305175, -35.186678, 27.160575
62.831576, 0.457763, -35.003572, 27.709890
62.871393, -0.457763, -35.735993, 27.709890
62.911209, -0.457763, -35.735993, 27.648855
62.951026, 0.640868, -35.003572, 27.496267
62.990843, 0.305175, -35.003572, 28.045582
63.030660, 0.305175, -35.339265, 28.259205
63.070477, 0.640868, -34.942538, 28.442310
63.110294, -0.305175, -35.308748, 28.259205
63.150110, 1.190182, -35.308748, 28.442310
63.189927, 0.457763, -35.888580, 28.045582
63.229744, 0.640868, -35.705475, 28.655932
63.269561, 0.640868, -35.308748, 28.442310
63.309326, 1.190182, -35.705475, 28.442310
63.349143, 1.037595, -35.491853, 28.808520
63.388960, 0.854490, -35.156160, 28.808520
63.428776, 1.403805, -35.491853, 28.808520
63.468593, 0.457763, -34.942538, 28.808520
63.508410, 0.854490, -34.942538, 29.235765
63.548227, 1.403805, -35.156160, 29.235765
63.588044, 0.457763, -35.156160, 28.991625
63.627861, 1.037595, -35.491853, 28.991625
63.667677, 1.037595, -35.491853, 28.991625
63.707494, 1.037595, -35.491853, 28.991625
63.747311, 0.854490, -35.491853, 28.991625
63.787128, 0.854490, -35.491853, 29.235765
63.826945, 1.403805, -35.705475, 28.655932
63.866762, 0.854490, -35.491853, 29.235765
63.906578, 0.457763, -35.705475, 29.235765
63.946395, 0.640868, -35.705475, 29.235765
63.986212, 1.190182, -35.491853, 29.235765
64.026029, 0.640868, -35.705475, 29.235765
64.065846, 1.037595, -35.491853, 29.998703
64.105663, 0.640868, -35.491853, 29.998703
64.145479, 0.640868, -35.491853, 29.601975
64.185296, 0.854490, -35.705475, 29.601975
64.225113, 0.640868, -35.491853, 29.388352
64.264930, 0.457763, -35.705475, 29.998703
64.304747, 0.640868, -35.705475, 29.388352
64.344564, 0.854490, -35.705475, 29.785080
64.384380, 0.457763, -36.437895, 29.235765
64.424197, 0.091552, -35.888580, 29.785080
64.464014, 0.091552, -35.888580, 29.785080
64.503831, 0.091552, -35.888580, 29.785080
64.543648, 0.305175, -35.888580, 29.785080
64.583465, 0.457763, -36.254790, 29.998703
64.623281, 0.640868, -36.041168, 29.998703
64.663098, 0.640868, -36.041168, 29.998703
64.702915, 0.457763, -35.888580, 29.601975
64.742732, 0.640868, -35.705475, 29.998703
64.782549, -0.091552, -35.888580, 29.998703
64.822366, 0.640868, -36.651517, 29.785080
64.862183, 0.091552, -36.254790, 30.212325
64.901999, 0.457763, -36.254790, 29.998703
64.941816, 0.091552, -36.254790, 29.388352
64.981633, 0.091552, -36.041168, 29.601975
65.021450, 0.305175, -36.254790, 29.785080
65.061267, -0.091552, -35.888580, 29.601975
65.101084, 0.305175, -36.254790, 29.601975
65.140900, 0.305175, -36.254790, 29.998703
65.180717, 0.091552, -35.705475, 29.998703
65.220534, -0.091552, -35.705475, 30.212325
65.260351, -0.091552, -35.705475, 30.212325
65.300168, -0.305175, -36.254790, 30.212325
65.339984, -0.457763, -36.254790, 29.785080
65.379801, -0.305175, -36.041168, 30.212325
65.419618, 0.305175, -36.254790, 30.761640
65.459435, 0.305175, -36.254790, 30.212325
65.499252, 0.305175, -36.254790, 30.761640
65.539069, 0.457763, -36.437895, 30.548018
65.578885, -0.091552, -36.041168, 30.548018
65.618702, -0.091552, -36.254790, 31.158368
65.658519, 0.091552, -36.254790, 30.548018
65.698336, 0.305175, -36.437895, 31.158368
65.738153, -0.305175, -36.651517, 30.761640
65.777970, 0.091552, -36.254790, 31.158368
65.817786, 0.091552, -36.254790, 31.341472
65.857603, -0.305175, -36.041168, 30.548018
65.897420, 0.305175, -36.254790, 30.761640
65.937237, -0.854490, -36.651517, 31.555095
65.977054, -0.457763, -35.888580, 31.158368
66.016871, -0.091552, -36.437895, 30.548018
66.056687, -0.091552, -36.437895, 30.486982
66.096504, -0.305175, -36.651517, 30.700605
66.136321, -0.854490, -36.651517, 30.486982
66.176138, -0.457763, -36.437895, 31.707683
66.215955, 0.091552, -36.437895, 31.310955
66.255772, -0.457763, -36.437895, 31.097333
66.295588, -0.854490, -36.437895, 31.097333
66.335405, -0.457763, -36.437895, 31.310955
66.375222, -0.457763, -36.041168, 31.494060
66.415039, -0.305175, -36.651517, 31.494060
66.454772, -0.091552, -36.041168, 31.310955
66.494582, 0.091552, -36.254790, 31.310955
66.534392, 0.305175, -36.437895, 30.700605
66.574203, -0.457763, -36.041168, 31.310955
66.614013, -0.091552, -36.651517, 31.707683
66.653823, -0.305175, -36.041168, 31.707683
66.693633, -0.305175, -36.254790, 31.494060
66.733443, 0.091552, -36.651517, 31.494060
66.773254, -0.091552, -35.705475, 31.494060
66.813064, 0.091552, -36.651517, 31.310955
66.852874, 0.091552, -36.651517, 31.310955
66.892684, -0.457763, -36.437895, 31.310955
66.932494, 0.305175, -36.437895, 31.494060
66.972304, -0.305175, -36.437895, 31.494060
67.012115, -0.640868, -36.651517, 31.097333
67.051925, -0.091552, -36.651517, 31.707683
67.091735, -0.305175, -36.651517, 30.914227
67.131545, -0.457763, -36.254790, 31.494060
67.171355, 0.305175, -36.041168, 31.707683
67.211166, 0.091552, -36.437895, 30.914227
67.250976, -1.037595, -36.254790, 31.494060
67.290786, 0.091552, -36.437895, 31.494060
67.330596, 0.305175, -36.437895, 31.310955
67.370406, -0.305175, -36.041168, 31.097333
67.410217, -0.091552, -36.804105, 31.310955
67.450027, -0.305175, -36.254790, 31.310955
67.489837, -0.640868, -36.254790, 31.097333
67.529647, -0.457763, -36.437895, 31.310955
67.569457, 0.305175, -35.491853, 31.310955
67.609268, 0.091552, -36.651517, 31.310955
67.649078, 0.091552, -36.651517, 31.310955
67.688888, -0.457763, -36.437895, 31.707683
67.728698, -0.854490, -36.254790, 31.494060
67.768508, -0.305175, -36.651517, 31.494060
67.808319, -0.640868, -36.651517, 31.310955
67.848129, -0.305175, -36.254790, 31.310955
67.887939, -0.305175, -36.437895, 31.707683
67.927749, -0.457763, -36.041168, 31.707683
67.967559, 0.091552, -36.651517, 30.914227
68.007369, -0.640868, -36.651517, 31.310955
68.047180, -0.854490, -36.254790, 31.707683
68.086990, -0.091552, -36.651517, 31.494060
68.126800, -0.854490, -36.254790, 31.097333
68.166610, -0.457763, -36.437895, 31.310955
68.206420, -0.640868, -36.651517, 30.700605
68.246231, -0.640868, -36.437895, 31.097333
68.286041, -0.457763, -36.651517, 30.700605
68.325851, -0.305175, -35.888580, 30.914227
68.365661, -0.091552, -36.254790, 31.097333
68.405471, -0.091552, -36.254790, 31.097333
68.445282, -0.305175, -36.437895, 30.914227
68.485092, -0.457763, -36.804105, 30.914227
68.524902, -0.091552, -36.041168, 31.707683
68.564712, -0.640868, -36.651517, 31.707683
68.604522, -0.305175, -36.651517, 31.707683
68.644333, -0.091552, -36.651517, 31.097333
68.684143, -0.305175, -36.651517, 31.097333
68.723953, -1.190182, -36.041168, 31.310955
68.763763, -0.305175, -36.254790, 31.097333
68.803573, -1.037595, -36.651517, 31.097333
68.843384, -0.305175, -36.651517, 31.310955
68.883194, -0.640868, -36.651517, 30.914227
68.923004, -0.457763, -36.437895, 31.310955
68.962814, -0.305175, -36.254790, 30.914227
69.002624, -0.305175, -36.041168, 31.249920
69.042434, -0.457763, -36.254790, 31.494060
69.082245, -0.457763, -36.254790, 31.097333
69.122055, -0.640868, -35.888580, 30.914227
69.161865, -0.640868, -35.888580, 30.914227
69.201675, -0.640868, -36.254790, 30.914227
69.241485, -0.457763, -36.437895, 31.097333
69.281296, -0.091552, -36.804105, 31.097333
69.321106, -0.854490, -36.437895, 31.310955
69.360916, -0.854490, -36.651517, 30.914227
69.400726, -0.854490, -36.254790, 31.494060
69.440536, -0.640868, -36.254790, 31.310955
69.480347, -0.457763, -36.651517, 31.097333
69.520157, -0.305175, -36.254790, 31.097333
69.559967, -0.305175, -36.437895, 31.310955
69.599731, -0.457763, -36.041168, 30.700605
69.639549, -0.091552, -36.041168, 31.310955
69.679366, -0.640868, -36.254790, 31.860270
69.719184, -0.854490, -36.254790, 30.914227
69.759001, 0.091552, -36.804105, 31.707683
69.798819, -0.457763, -36.437895, 30.914227
69.838637, -0.640868, -36.041168, 30.486982
69.878454, -0.457763, -36.651517, 31.097333
69.918272, -0.305175, -36.437895, 31.494060
69.958090, -0.305175, -36.437895, 31.494060
69.997907, -0.457763, -36.041168, 31.097333
70.037725, -0.091552, -36.254790, 31.097333
70.077542, -1.190182, -36.804105, 31.097333
70.117360, -0.854490, -36.437895, 31.310955
70.157178, -0.457763, -36.437895, 30.914227
70.196995, -0.640868, -36.437895, 31.097333
70.236813, -0.854490, -36.804105, 31.310955
70.276630, -1.037595, -36.437895, 31.097333
70.316448, -0.640868, -36.651517, 31.494060
70.356266, -0.457763, -36.651517, 30.700605
70.396083, -1.037595, -36.254790, 31.097333
70.435901, -0.854490, -36.651517, 31.097333
70.475719, -0.854490, -36.651517, 30.700605
70.515536, -0.305175, -36.254790, 31.097333
70.555354, -0.640868, -36.651517, 30.914227
70.595171, -1.037595, -36.041168, 30.914227
70.634989, -0.305175, -36.437895, 30.914227
70.674807, -0.854490, -36.804105, 30.700605
70.714624, -1.190182, -36.437895, 30.700605
70.754442, -1.190182, -36.437895, 30.700605
70.794259, -1.190182, -36.437895, 30.700605
70.834077, -0.640868, -36.437895, 31.097333
70.873895, -0.091552, -36.437895, 31.310955
70.913712, -0.457763, -36.437895, 31.310955
70.953530, -0.305175, -36.041168, 30.914227
70.993348, 0.091552, -36.804105, 30.334395
71.033165, -0.457763, -36.041168, 30.486982
71.072983, -0.457763, -36.437895, 30.486982
71.112800, -0.640868, -36.651517, 30.914227
71.152618, -0.854490, -36.437895, 30.914227
71.192436, -0.457763, -36.651517, 31.097333
71.232253, -1.037595, -36.651517, 30.334395
71.272071, -0.457763, -36.437895, 30.914227
71.311888, -0.305175, -36.254790, 30.914227
71.351706, -0.640868, -36.254790, 31.097333
71.391524, -1.037595, -36.437895, 30.914227
71.431341, -1.037595, -36.437895, 30.486982
71.471159, -0.091552, -36.987210, 30.486982
71.510977, -0.640868, -36.041168, 30.334395
71.550794, -0.854490, -36.651517, 30.914227
71.590612, -0.854490, -36.651517, 30.914227
71.630429, -0.854490, -36.437895, 30.486982
71.670247, -0.854490, -36.651517, 30.334395
71.710065, -0.640868, -36.651517, 30.486982
71.749882, -0.640868, -36.651517, 30.334395
71.789700, -0.640868, -36.804105, 30.914227
71.829517, -0.305175, -36.651517, 30.486982
71.869335, -0.854490, -36.987210, 29.937667
71.909153, -1.190182, -36.804105, 31.310955
71.948970, -0.457763, -36.651517, 30.486982
71.988788, -0.457763, -36.437895, 30.700605
72.028606, -0.305175, -36.437895, 30.914227
72.068423, -0.640868, -36.804105, 30.334395
72.108241, -1.037595, -36.651517, 30.486982
72.148058, -0.305175, -36.651517, 30.151290
72.187876, -0.457763, -36.804105, 30.151290
72.227694, -0.854490, -37.200832, 28.594897
72.267511, 0.091552, -38.299462, 27.984547
72.307329, 0.305175, -38.513085, 27.587820
72.347146, 0.305175, -38.513085, 27.587820
72.386964, -0.091552, -38.909813, 25.085385
72.426782, 0.640868, -38.696190, 24.352965
72.466599, 1.190182, -38.299462, 21.850530
72.506417, 1.953120, -37.383938, 18.157912
72.546235, 3.906240, -35.949615, 14.038050
72.586052, 5.584702, -33.691320, 8.697487
72.625870, 6.164535, -31.402507, 2.593987
72.665687, 5.035387, -30.639570, 0.305175
72.705505, 4.943835, -28.686450, -2.258295
72.745269, 5.706772, -27.191092, -4.211415
72.785110, 5.737290, -26.153498, -6.286605
72.824950, 6.347640, -24.261412, -7.842998
72.864791, 6.988507, -23.254335, -8.941627
72.904632, 7.385235, -22.094670, -9.735082
72.944473, 9.155250, -21.209663, -12.512175
72.984313, 9.460425, -19.714305, -12.145965
73.024154, 9.063697, -18.646192, -13.885462
73.063995, 9.948705, -17.761185, -14.709435
73.103835, 10.162327, -17.700150, -15.014610
73.143676, 10.345432, -17.089800, -15.808065
73.183517, 10.101292, -16.906695, -16.845660
73.223357, 9.613012, -16.143757, -18.005325
73.263198, 8.544900, -15.502890, -18.188430
73.303039, 9.155250, -15.502890, -19.134473
73.342880, 7.995585, -15.502890, -19.103955
73.382720, 7.995585, -15.685995, -20.111033
73.422561, 7.110577, -15.502890, -20.202585
73.462402, 7.842998, -15.899617, -20.385690
73.502242, 7.507305, -15.685995, -21.453802
73.542083, 6.561262, -15.350302, -21.240180
73.581924, 6.347640, -15.747030, -22.094670
73.621765, 6.561262, -16.143757, -23.040712
73.661605, 6.561262, -15.960653, -23.803650
73.701446, 6.744368, -16.296345, -24.597105
73.741287, 6.561262, -16.754107, -25.207455
73.781127, 6.195053, -16.540485, -25.756770
73.820968, 6.561262, -16.540485, -26.702813
73.860809, 6.195053, -16.357380, -26.702813
73.900650, 6.195053, -16.387898, -26.702813
73.940490, 6.957990, -15.655477, -28.045582
73.980331, 6.561262, -15.685995, -28.259205
74.020172, 6.744368, -15.899617, -29.205247
74.060012, 6.744368, -15.899617, -29.388352
74.099853, 6.347640, -16.296345, -29.540940
74.139694, 6.744368, -16.143757, -29.754562
74.179535, 6.561262, -16.357380, -29.388352
74.219375, 6.195053, -16.509967, -29.907150
74.259216, 6.347640, -16.693072, -29.357835
74.299057, 6.347640, -17.089800, -30.090255
74.338897, 6.347640, -16.693072, -29.907150
74.378738, 6.744368, -16.357380, -30.242842
74.418579, 6.744368, -16.906695, -29.693527
74.458419, 6.957990, -17.303422, -29.907150
74.498260, 6.195053, -17.150835, -29.693527
74.538101, 6.011947, -17.150835, -30.090255
74.577942, 6.347640, -16.937213, -29.693527
74.617782, 6.195053, -16.937213, -30.486982
74.657623, 6.561262, -17.303422, -30.242842
